,텍스트 특징,emotion,원본텍스트,"전처리 거친 텍스트
- 온점
- 이모지 제거
- 단일 자음 모음 제거 (ㅎㅎ, ㅜㅜ)",네이버 맞춤법 텍스트,명사 추출,,,
1,설문,Calm,"오늘은 비가 와서 그런가 기분도 별로고, 컨디션도 별로 였슴다.
프로젝트 하는데, 일단 이것저것 해보고 있긴한데, 생각보다 난이도가 높다고 느끼고 있네요.
평소 생각을 정리할 때 자주 하던 산책을 하면서 생각을 해보고 있는데, 아 쉽지 않슴다.
우리 task에 맞는 모델이나 알고리즘을 찾는건가 싶다가도, 세상에 없는 시스템을 만들고 있는건가 생각도 들고 그러네요. 쉽진 않아서 침울해졌다가도, 그래도 제대로 해내면 얼마나 멋있을까 하면서 마음을 다잡습니다.
잘 되면 되게 뿌듯할 것 같네요. 오늘 저녁은 맛있는 걸로 먹어야겠습니다.",오늘은 비가 와서 그런가 기분도 별로고 컨디션도 별로 였슴다 프로젝트 하는데 일단 이것저것 해보고 있긴한데 생각보다 난이도가 높다고 느끼고 있네요 평소 생각을 정리할 때 자주 하던 산책을 하면서 생각을 해보고 있는데 아 쉽지 않슴다 우리 task에 맞는 모델이나 알고리즘을 찾는건가 싶다가도 세상에 없는 시스템을 만들고 있는건가 생각도 들고 그러네요 쉽진 않아서 침울해졌다가도 그래도 제대로 해내면 얼마나 멋있을까 하면서 마음을 다잡습니다 잘 되면 되게 뿌듯할 것 같네요 오늘 저녁은 맛있는 걸로 먹어야겠습니다,오늘은 비가 와서 그런가 기분도 별로고 컨디션도 별로였습니다 프로젝트 하는데 일단 이것저것 해보고 있긴 한데 생각보다 난이도가 높다고 느끼고 있네요 평소 생각을 정리할 때 자주 하던 산책을 하면서 생각을 해보고 있는데 아 쉽지 않습니다 우리 task에 맞는 모델이나 알고리즘을 찾는 건가 싶다가도 세상에 없는 시스템을 만들고 있는 건가 생각도 들고 그러네요 쉽진 않아서 침울해졌다가도 그래도 제대로 해내면 얼마나 멋있을까 하면서 마음을 다잡습니다 잘 되면 되게 뿌듯할 것 같네요 오늘 저녁은 맛있는 걸로 먹어야겠습니다,"오늘,비,기분,컨디션,프로젝트,이것저것,생각,난이도,평소,생각,때,산책,생각,task,모델,알고리즘,세상,시스템,생각,마음,오늘,저녁",,,
2,설문,Sad,"오늘....첫눈이 안 와따.....올 줄 알았는데.
눈이라도 와야, 뭔가 겨울 같은데. 눈이 안 오면 그냥 춥기만 한 계절인거다.
눈이 와야 진정한 겨울인거다.
제설 작업도 안 하니까 눈은 많이 와도 되는 것이다.
아, 물론 눈으로 인한 사고는 일어나면 안 되는 것이다.
아주 어릴 때는 눈 온 잔디밭에 누워서 하늘을 쳐다보곤 했는데, 이번에는 한 20년 만에 시도해볼 수 있을 것 같다. 일기 안 썼으면 생각도 못 했을 것 같은데 참 다행이다.
점심에 김치찌개 못 먹었는데, 저녁에 해먹어야겠다.
빨리 눈이 왔으면 좋겠다.",오늘첫눈이 안 와따올 줄 알았는데 눈이라도 와야 뭔가 겨울 같은데 눈이 안 오면 그냥 춥기만 한 계절인거다 눈이 와야 진정한 겨울인거다 제설 작업도 안 하니까 눈은 많이 와도 되는 것이다 아 물론 눈으로 인한 사고는 일어나면 안 되는 것이다 아주 어릴 때는 눈 온 잔디밭에 누워서 하늘을 쳐다보곤 했는데 이번에는 한 20년 만에 시도해볼 수 있을 것 같다 일기 안 썼으면 생각도 못 했을 것 같은데 참 다행이다 점심에 김치찌개 못 먹었는데 저녁에 해먹어야겠다 빨리 눈이 왔으면 좋겠다,오늘 첫눈이 안 와 따올 줄 알았는데 눈이라도 와야 뭔가 겨울 같은데 눈이 안 오면 그냥 춥기만 한 계절인 거다 눈이 와야 진정한 겨울인 거다 제설 작업도 안 하니까 눈은 많이 와도 되는 것이다 아 물론 눈으로 인한 사고는 일어나면 안 되는 것이다 아주 어릴 때는 눈 온 잔디밭에 누워서 하늘을 쳐다보곤 했는데 이번에는 한 20년 만에 시도해 볼 수 있을 것 같다 일기 안 썼으면 생각도 못 했을 것 같은데 참 다행이다 점심에 김치찌개 못 먹었는데 저녁에 해먹어야겠다 빨리 눈이 왔으면 좋겠다,"오늘,첫눈,눈,겨울,눈,계절,눈,겨울,제설,작업,눈,눈,사고,때,눈,잔디밭,하늘,이번,일기,생각,다행,점심,김치찌개,저녁,눈",,,
3,설문,Surprised - 놀라운,테스트입니다테스트입니다테스트입니다테스트입니다테스트입니다테스트입니다테스트입니다테스트입니다테스트입니다,테스트입니다테스트입니다테스트입니다테스트입니다테스트입니다테스트입니다테스트입니다테스트입니다테스트입니다,테스트입니다 테스트입니다 테스트입니다 테스트입니다 테스트입니다 테스트입니다 테스트입니다 테스트입니다 테스트입니다,"테스트,테스트,테스트,테스트,테스트,테스트,테스트,테스트,테스트",,,
4,설문,Annoyed - 짜증나는,오늘은 다양한 모델과 api를 써보면서 프로젝트를 진행하려고 했다. 근데 중간에 무슨 말도 안되게 긴 데이터가 들어오는 바람에 중간에 멈췄다... 정말 슬픈 건 30분 넘게 돌린 데이터들이 저장도 안되고 날라간거다... 갑자기 허탈해져서 조금 슬펐지만 그래도 집에가서 예외로 들어올 수 있는 텍스트도 생각해보면서 그렇게 해야지. 점심에 마라탕 먹었는데 의외로 2단계도 괜찮다고 느꼈다. 다음번에도 2단계 먹긴 할건데 다음 번에는 조금만 먹어야지ㅎㅎ 별로 오늘 마라탕 안 땡겼는데 괜찮았다.,오늘은 다양한 모델과 api를 써보면서 프로젝트를 진행하려고 했다 근데 중간에 무슨 말도 안되게 긴 데이터가 들어오는 바람에 중간에 멈췄다 정말 슬픈 건 30분 넘게 돌린 데이터들이 저장도 안되고 날라간거다 갑자기 허탈해져서 조금 슬펐지만 그래도 집에가서 예외로 들어올 수 있는 텍스트도 생각해보면서 그렇게 해야지 점심에 마라탕 먹었는데 의외로 2단계도 괜찮다고 느꼈다 다음번에도 2단계 먹긴 할건데 다음 번에는 조금만 먹어야지 별로 오늘 마라탕 안 땡겼는데 괜찮았다,오늘은 다양한 모델과 api를 써보면서 프로젝트를 진행하려고 했다 근데 중간에 무슨 말도 안 되게 긴 데이터가 들어오는 바람에 중간에 멈췄다 정말 슬픈 건 30분 넘게 돌린 데이터들이 저장도 안 되고 날아간 거다 갑자기 허탈해져서 조금 슬펐지만 그래도 집에 가서 예외로 들어올 수 있는 텍스트도 생각해 보면서 그렇게 해야지 점심에 마라탕 먹었는데 의외로 2단계도 괜찮다고 느꼈다 다음번에도 2단계 먹긴 할 건데 다음번에는 조금만 먹어야지 별로 오늘 마라탕 안 땡겼는데 괜찮았다,"오늘,모델,api,프로젝트,중간,말,데이터,중간,데이터,저장,집,예외,텍스트,점심,2단계,다음번,2단계,다음번,조금,오늘,마라탕",,,
5,설문,Nervous - 긴장되는,"오늘은 AI허브에 드가서, 막 프로젝트에 쓸만한 데이터를 마구마구 모았슴다. 그리고 그걸로 막, soyNLP에 넣어서 학습 시키고, 뭐 띄어쓰기도 시켜보고 그랬는데...
마지막쯤엔 슬랙에 글도 쓰고 그랬습니다. 아주. 쉽지 않음.",오늘은 AI허브에 드가서 막 프로젝트에 쓸만한 데이터를 마구마구 모았슴다 그리고 그걸로 막 soyNLP에 넣어서 학습 시키고 뭐 띄어쓰기도 시켜보고 그랬는데마지막쯤엔 슬랙에 글도 쓰고 그랬습니다 아주 쉽지 않음,오늘은 AI 허브에 드가서 막 프로젝트에 쓸만한 데이터를 마구마구 모았습니다 그리고 그걸로 막 soyNLP에 넣어서 학습 시키고 뭐 띄어쓰기도 시켜보고 그랬는데 마지막쯤엔 슬랙에 글도 쓰고 그랬습니다 아주 쉽지 않음,"오늘,허브,프로젝트,데이터,soyNLP,학습,띄어쓰기,마지막,슬랙,글",,,
6,설문,Fun - 재미있는,"메디스트림 본사(위워크 선릉2호점)로 출근해서 간단한 밋업 진행, 점심식사 로 고기집에서 하는 매우 맛있는 돈까스를 법카로 먹었고, 팀원들과 프로젝트 진행한 뒤, Scala hands-on 으로 약식 이론수업을 진행했습니다. 한 시간밖에 안되었지만 압축된 실전 경험을 나누는 수준의 수업이었고, 정규 수업으로 진행해도 될 정도로 만족스러웠습니다. 이 기업으로 입사하게 된다면 정말 배울 것이 많을 것 같지만 거리가 멀어 아쉽습니다.",메디스트림 본사(위워크 선릉2호점)로 출근해서 간단한 밋업 진행 점심식사 로 고기집에서 하는 매우 맛있는 돈까스를 법카로 먹었고 팀원들과 프로젝트 진행한 뒤 Scala handson 으로 약식 이론수업을 진행했습니다 한 시간밖에 안되었지만 압축된 실전 경험을 나누는 수준의 수업이었고 정규 수업으로 진행해도 될 정도로 만족스러웠습니다 이 기업으로 입사하게 된다면 정말 배울 것이 많을 것 같지만 거리가 멀어 아쉽습니다,메디스트림 본사(위워크 선릉 2호점)로 출근해서 간단한 미트업 진행 점심 식사로 고깃집에서 하는 매우 맛있는 돈까스를 법 카로 먹었고 팀원들과 프로젝트 진행한 뒤 Scala handson으로 약식 이론수업을 진행했습니다 한 시간밖에 안되었지만 압축된 실전 경험을 나누는 수준의 수업이었고 정규 수업으로 진행해도 될 정도로 만족스러웠습니다 이 기업으로 입사하게 된다면 정말 배울 것이 많을 것 같지만 거리가 멀어 아쉽습니다,"메디스트림,본사,위워크,선릉,2호점,미트업,진행,점심,식사,고깃집,돈까스,법카,팀원,프로젝트,Scala,handson,약식,이론,수업,실전,경험,수준,수업,정규,수업,정도,기업,거리",,,
7,설문,Regret - 후회되는,"수집 및 가공한 데이터를 가지고 모델을 돌려서 결과를 봤고 생각보다 잘 예측해서 다행이였다.
그리고 데이터를 나눠서 라벨링을 진행하다보니 json 파일이 여러개로 나뉘어져 있었는데 이걸 병합할려다 보니 id 값이 중복되는 문제가 있었는데 gpt한테 물어봐서 해결은 했지만 내가 직접 코드를 만든게 아니다 보니까 아쉬움이 남았다. (아보카도팀 화이팅!)",수집 및 가공한 데이터를 가지고 모델을 돌려서 결과를 봤고 생각보다 잘 예측해서 다행이였다그리고 데이터를 나눠서 라벨링을 진행하다보니 json 파일이 여러개로 나뉘어져 있었는데 이걸 병합할려다 보니 id 값이 중복되는 문제가 있었는데 gpt한테 물어봐서 해결은 했지만 내가 직접 코드를 만든게 아니다 보니까 아쉬움이 남았다 (아보카도팀 화이팅),수집 및 가공한 데이터를 가지고 모델을 돌려서 결과를 봤고 생각보다 잘 예측해서 다행이었다 그리고 데이터를 나눠서 라벨링을 진행하다 보니 json 파일이 여러 개로 나누어져 있었는데 이걸 병합하려다 보니 id 값이 중복되는 문제가 있었는데 gpt한테 물어봐서 해결은 했지만 내가 직접 코드를 만든 게 아니다 보니까 아쉬움이 남았다 (아보카도 팀 파이팅),"수집,데이터,모델,결과,생각,다행,데이터,라벨링,json,파일,id값,문제,gpt,해결,코드,아쉬움,아보카도,팀",,,
8,설문,Proud - 자랑스러운,프로젝트를 하였습니다. 아침 일찍부터 일어나서 열심히 프로젝트를 하는데 피곤하긴해도 막상 끝나고 나면 엄청 뿌듯합니다,프로젝트를 하였습니다 아침 일찍부터 일어나서 열심히 프로젝트를 하는데 피곤하긴해도 막상 끝나고 나면 엄청 뿌듯합니다 ,프로젝트를 하였습니다 아침 일찍부터 일어나서 열심히 프로젝트를 하는데 피곤하긴 해도 막상 끝나고 나면 엄청 뿌듯합니다,"프로젝트,아침,프로젝트",,,
9,설문,Annoyed - 짜증나는,"오늘 프로젝트 평가 관련해서 연락을 받았는데 답변 내용이 내가 모든 것을 감내해야 한다고 적혀있는거 같아 기분이 안좋았습니다.
그리고 오늘 기업연계 프로젝트 때문에 회사에 갔다 왔는데 스칼라라는 언어에 대해 배울 수 있어서 좋았고 스파크 사용 방법도 배울 수 있어서 좋았습니다
그런데 집으로 돌아올 때 퇴근시간과 겹쳐서 지하철에 사람이 많아서 너무 힘들었습니다",오늘 프로젝트 평가 관련해서 연락을 받았는데 답변 내용이 내가 모든 것을 감내해야 한다고 적혀있는거 같아 기분이 안좋았습니다그리고 오늘 기업연계 프로젝트 때문에 회사에 갔다 왔는데 스칼라라는 언어에 대해 배울 수 있어서 좋았고 스파크 사용 방법도 배울 수 있어서 좋았습니다그런데 집으로 돌아올 때 퇴근시간과 겹쳐서 지하철에 사람이 많아서 너무 힘들었습니다,오늘 프로젝트 평가 관련해서 연락을 받았는데 답변 내용이 내가 모든 것을 감내해야 한다고 적혀있는 거 같아 기분이 안 좋았습니다 그리고 오늘 기업 연계 프로젝트 때문에 회사에 갔다 왔는데 스칼라라는 언어에 대해 배울 수 있어서 좋았고 스파크 사용 방법도 배울 수 있어서 좋았습니다 그런데 집으로 돌아올 때 퇴근시간과 겹쳐서 지하철에 사람이 많아서 너무 힘들었습니다,"오늘,프로젝트,평가,연락,답변,내용,감내,기분,오늘,기업,연계,프로젝트,회사,스칼라,언어,스파크,사용,방법,집,때,퇴근,시간,지하철,사람",,,
10,설문,Nervous - 긴장되는,"어제 커리어서비스를 받고, 오늘 포트폴리오 수정이랑 프로젝트 관련 기업 미팅을 진행 했다.
뭔가 이제 막바지에 왔음에도 텐션있게 프로젝트나 취업준비에 임하지 않는 것 같아 불안한 마음이 들었지만 역시 이럴 때, 농구 동호회 가서 땀 한 번 빼고 오니까 조금 동기부여도 되고, 자신감이 생기는 것 같다.
내일 프로젝트 목표와 취업 준비 계획에 대해서 데드라인을 설정하여 더욱 열심히 할 수 있게 환경설정해야겠다.앞으로 어떤 기업에 지원하고, 면접을 봐야할지, 또 어떤 직무를 집중적으로 준비해야할지 긴장이 많이 된다. ",어제 커리어서비스를 받고 오늘 포트폴리오 수정이랑 프로젝트 관련 기업 미팅을 진행 했다뭔가 이제 막바지에 왔음에도 텐션있게 프로젝트나 취업준비에 임하지 않는 것 같아 불안한 마음이 들었지만 역시 이럴 때 농구 동호회 가서 땀 한 번 빼고 오니까 조금 동기부여도 되고 자신감이 생기는 것 같다내일 프로젝트 목표와 취업 준비 계획에 대해서 데드라인을 설정하여 더욱 열심히 할 수 있게 환경설정해야겠다앞으로 어떤 기업에 지원하고 면접을 봐야할지 또 어떤 직무를 집중적으로 준비해야할지 긴장이 많이 된다,어제 커리어 서비스를 받고 오늘 포트폴리오 수정이랑 프로젝트 관련 기업 미팅을 진행했다 뭔가 이제 막바지에 왔음에도 텐션 있게 프로젝트나 취업 준비에 임하지 않는 것 같아 불안한 마음이 들었지만 역시 이럴 때 농구 동호회 가서 땀 한 번 빼고 오니까 조금 동기부여도 되고 자신감이 생기는 것 같다 내일 프로젝트 목표와 취업 준비 계획에 대해서 데드라인을 설정하여 더욱 열심히 할 수 있게 환경설정해야겠다 앞으로 어떤 기업에 지원하고 면접을 봐야 할지 또 어떤 직무를 집중적으로 준비해야 할지 긴장이 많이 된다,"어제,커리어,서비스,오늘,포트폴리오,수정,프로젝트,관련,기업,미팅,막바지,텐션,프로젝트,취업,준비,마음,농구,동호회,땀,동기부여,자신감,내일,프로젝트,목표,취업,준비,계획,데드라인,환경,설정,기업,면접,직무,집중,준비,긴장",,,
11,설문,Calm - 평안한,"귀찮았던 논문 수정을 마치고, 제본 떠서 교수님들 나눠드리고 집에 와서 맛있는 저녁을 먹고 블로그 글 끄적거리면서 쉬었다.",귀찮았던 논문 수정을 마치고 제본 떠서 교수님들 나눠드리고 집에 와서 맛있는 저녁을 먹고 블로그 글 끄적거리면서 쉬었다,귀찮았던 논문 수정을 마치고 제본 떠서 교수님들 나눠드리고 집에 와서 맛있는 저녁을 먹고 블로그 글 끄적거리면서 쉬었다,"논문,수정,제본,교수님,집,저녁,블로그,글",,,
12,설문,Nervous - 긴장되는,오늘은 저녁 아르바이트 근무 부탁을 받아 근무하게 되었다. 음료를 제조하는데 바나나가 떫다는 항의가 들어와서 죄송하다고 사과를 드렸다. 하필 오늘 바나나 주문이 많이 들어와서 메뉴가 나갈때마다 맛이 이상하지 않을까 긴장이 많이 되었다. 유독 피곤한 퇴근길이였다.,오늘은 저녁 아르바이트 근무 부탁을 받아 근무하게 되었다 음료를 제조하는데 바나나가 떫다는 항의가 들어와서 죄송하다고 사과를 드렸다 하필 오늘 바나나 주문이 많이 들어와서 메뉴가 나갈때마다 맛이 이상하지 않을까 긴장이 많이 되었다 유독 피곤한 퇴근길이였다,오늘은 저녁 아르바이트 근무 부탁을 받아 근무하게 되었다 음료를 제조하는데 바나나가 떫다는 항의가 들어와서 죄송하다고 사과를 드렸다 하필 오늘 바나나 주문이 많이 들어와서 메뉴가 나갈 때마다 맛이 이상하지 않을까 긴장이 많이 되었다 유독 피곤한 퇴근길이었다,"오늘,저녁,아르바이트,근무,부탁,음료,제조,바나나,항의,사과,오늘,바나나,주문,메뉴,맛,긴장,퇴근길",,,
13,설문,Surprised - 놀라운,오늘은 아침부터 저녁까지 수업을 들었습니다. 점심시간이 상당히 뒤에 있었지만 알찬 수업이라고 생각해서 배고픔이 평소보다는 덜 했습니다. 생각해보면 배가 많이 고팠던 것으로 기억하는데 그 때 당시에는 수업에 집중하느라 그 생각을 못했네요. 그 만큼 수업이 굉장히 좋았다고 생각하네요.,오늘은 아침부터 저녁까지 수업을 들었습니다 점심시간이 상당히 뒤에 있었지만 알찬 수업이라고 생각해서 배고픔이 평소보다는 덜 했습니다 생각해보면 배가 많이 고팠던 것으로 기억하는데 그 때 당시에는 수업에 집중하느라 그 생각을 못했네요 그 만큼 수업이 굉장히 좋았다고 생각하네요,오늘은 아침부터 저녁까지 수업을 들었습니다 점심시간이 상당히 뒤에 있었지만 알찬 수업이라고 생각해서 배고픔이 평소보다는 덜 했습니다 생각해 보면 배가 많이 고팠던 것으로 기억하는데 그때 당시에는 수업에 집중하느라 그 생각을 못 했네요 그만큼 수업이 굉장히 좋았다고 생각하네요,"오늘,아침,저녁,수업,점심시간,뒤,수업,배고픔,평소,배,당시,수업,생각,수업",,,
14,설문,Happy - 행복한,"알람을 켜둔 것을 잊고 잠에 들어서 8시 50분에 잠에서 깨어나 놀랐습니다. 다행히도 팀 회의 시간이 오후 1시였기 때문에 크게 문제가 되지는 않았습니다. 그렇게 잠에서 깨어나 서둘러 준비를 마치고 11시에 스파크플러스에 도착을 했습니다.
30분 정도 전날의 잔업을 마치고 점심을 먹었습니다. 점심은 좋아하는 메뉴인 들기름 막국수였습니다. 점심을 먹고 난 후 1시 회의를 진행하기 위해서 스파크플러스로 돌아온 후 회의를 진행했습니다. 현재 진행중인 프로젝트가 순탄히 잘 진행되고 있어서 회의에서 크게 다룰 것 없이 간단히 끝났습니다. 이후로는 프로젝트를 계속 준비했고 중간 발표에서 다음주에 있을 기업 멘토링에 보여줄만한 결과가 나와서 팀원 모두가 기뻐하며 스파크플러스에서 퇴근했습니다.",알람을 켜둔 것을 잊고 잠에 들어서 8시 50분에 잠에서 깨어나 놀랐습니다 다행히도 팀 회의 시간이 오후 1시였기 때문에 크게 문제가 되지는 않았습니다 그렇게 잠에서 깨어나 서둘러 준비를 마치고 11시에 스파크플러스에 도착을 했습니다30분 정도 전날의 잔업을 마치고 점심을 먹었습니다 점심은 좋아하는 메뉴인 들기름 막국수였습니다 점심을 먹고 난 후 1시 회의를 진행하기 위해서 스파크플러스로 돌아온 후 회의를 진행했습니다 현재 진행중인 프로젝트가 순탄히 잘 진행되고 있어서 회의에서 크게 다룰 것 없이 간단히 끝났습니다 이후로는 프로젝트를 계속 준비했고 중간 발표에서 다음주에 있을 기업 멘토링에 보여줄만한 결과가 나와서 팀원 모두가 기뻐하며 스파크플러스에서 퇴근했습니다,알람을 켜둔 것을 잊고 잠에 들어서 8시 50분에 잠에서 깨어나 놀랐습니다 다행히도 팀 회의 시간이 오후 1시였기 때문에 크게 문제가 되지는 않았습니다 그렇게 잠에서 깨어나 서둘러 준비를 마치고 11시에 스파크 플러스에 도착을 했습니다 30분 정도 전날의 잔업을 마치고 점심을 먹었습니다 점심은 좋아하는 메뉴인 들기름 막국수였습니다 점심을 먹고 난 후 1시 회의를 진행하기 위해서 스파크 플러스로 돌아온 후 회의를 진행했습니다 현재 진행 중인 프로젝트가 순탄히 잘 진행되고 있어서 회의에서 크게 다룰 것 없이 간단히 끝났습니다 이후로는 프로젝트를 계속 준비했고 중간발표에서 다음 주에 있을 기업 멘토링에 보여줄 만한 결과가 나와서 팀원 모두가 기뻐하며 스파크 플러스에서 퇴근했습니다,"알람,잠,잠,팀,회의,시간,오후,문제,잠,준비,스파크플러스,도착,전날,잔업,점심,점심,메뉴,들기름,막국수,점심,회의,스파크플러스,회의,진행,프로젝트,회의,프로젝트,중간,발표,기업,멘토링,결과,팀원,모두,스파크플러스",스파크플러스,,
15,설문,Proud - 자랑스러운,"6시에 일어나 1시간 동안 아침운동을 했다. 오늘 운동은 하체운동.
오늘의 몸 상태는 굿.

이어드림에 가서 프로젝트를 시작하기 전, 조금 더 계획적으로 진행하기 위해 고민했다.
팀원들이 어떤거를 하고 싶은지 파악하고, 하고 싶은게 방향성이 맞는지 체크했다.
다행히 팀원들이 하고 싶은 것이 방향성이 맞아서 그대로 진행을 했다.",6시에 일어나 1시간 동안 아침운동을 했다 오늘 운동은 하체운동오늘의 몸 상태는 굿이어드림에 가서 프로젝트를 시작하기 전 조금 더 계획적으로 진행하기 위해 고민했다팀원들이 어떤거를 하고 싶은지 파악하고 하고 싶은게 방향성이 맞는지 체크했다다행히 팀원들이 하고 싶은 것이 방향성이 맞아서 그대로 진행을 했다,6시에 일어나 1시간 동안 아침 운동을 했다 오늘 운동은 하체 운동 오늘의 몸 상태는 굿 이어드림에 가서 프로젝트를 시작하기 전 조금 더 계획적으로 진행하기 위해 고민했다 팀원들이 어떤 거를 하고 싶은지 파악하고 하고 싶은 게 방향성이 맞는지 체크했다 다행히 팀원들이 하고 싶은 것이 방향성이 맞아서 그대로 진행을 했다,"아침,운동,오늘,운동,하체,운동,오늘,몸,상태,굿,이어드림,프로젝트,팀원,진행,파악,방향성,팀원,방향성,진행",,,
16,설문,Happy - 행복한,오늘 아침에 지하철을 기다리는 사람이 많아서 지하철을 못 탈 뻔 했다. 요즘 집을 나서는 시간이 늦어져서 제 시간에 지하철을 타지 못하면 지각하기 때문에 걱정했는데 다행히 탈 수 있었다. 항상 사람 사이에 끼여서 가는 지하철이지만 늦지 않고 탈 수 있어서 행복했다.,오늘 아침에 지하철을 기다리는 사람이 많아서 지하철을 못 탈 뻔 했다 요즘 집을 나서는 시간이 늦어져서 제 시간에 지하철을 타지 못하면 지각하기 때문에 걱정했는데 다행히 탈 수 있었다 항상 사람 사이에 끼여서 가는 지하철이지만 늦지 않고 탈 수 있어서 행복했다 ,오늘 아침에 지하철을 기다리는 사람이 많아서 지하철을 못 탈 뻔 했다 요즘 집을 나서는 시간이 늦어져서 제 시간에 지하철을 타지 못하면 지각하기 때문에 걱정했는데 다행히 탈 수 있었다 항상 사람 사이에 끼여서 가는 지하철이지만 늦지 않고 탈 수 있어서 행복했다 ,"아침,운동,오늘,운동,하체,운동,오늘,몸,상태,이어드림,프로젝트,팀원,팀원,방향성,방향성,진행",,,
17,설문,Happy - 행복한,오늘 아침에 지하철을 기다리는 사람이 많아서 지하철을 제 시간에 못 탈뻔했다. 요즘 집에서 나오는 시간이 점점 늦어져서 지하철을 제 시간에 타지 못하면 지각하기 때문에 걱정했는데 다행히 탈 수 있었다. 항상 사람들 사이에 끼여서 가는 지하철이지만 늦지 않아서 행복했다.,오늘 아침에 지하철을 기다리는 사람이 많아서 지하철을 제 시간에 못 탈뻔했다 요즘 집에서 나오는 시간이 점점 늦어져서 지하철을 제 시간에 타지 못하면 지각하기 때문에 걱정했는데 다행히 탈 수 있었다 항상 사람들 사이에 끼여서 가는 지하철이지만 늦지 않아서 행복했다,오늘 아침에 지하철을 기다리는 사람이 많아서 지하철을 제 시간에 못 탈뻔했다 요즘 집에서 나오는 시간이 점점 늦어져서 지하철을 제 시간에 타지 못하면 지각하기 때문에 걱정했는데 다행히 탈 수 있었다 항상 사람들 사이에 끼여서 가는 지하철이지만 늦지 않아서 행복했다,"오늘,아침,지하철,사람,지하철,시간,요즘,집,시간,지하철,시간,사람,지하철,지각,걱정",,,
18,설문,Happy - 행복한,친구들을 만나서 좋은시간을 보냈습니다. 안주를 너무 많이 시켰습니다. 한명이 늦게 왔지만 끝까지 즐거웠습니다.,친구들을 만나서 좋은시간을 보냈습니다 안주를 너무 많이 시켰습니다 한명이 늦게 왔지만 끝까지 즐거웠습니다,친구들을 만나서 좋은 시간을 보냈습니다 안주를 너무 많이 시켰습니다 한 명이 늦게 왔지만 끝까지 즐거웠습니다,"친구,시간,안주",,,
19,설문,Nervous - 긴장되는,"오늘은 아침에 일어나서 밥을 먹고, 씻고 나서 글로벌 창업사관학교를 찾아왔습니다. 처음 오는 길이어서 찾기가 쉽지 않았습니다. 그래도 나름 잘 찾아왔다고 생각합니다. 그리고 와서 샌드위치를 먹고 페이히어라는 서비스를 하는 기업의 소개를 들었습니다.",오늘은 아침에 일어나서 밥을 먹고 씻고 나서 글로벌 창업사관학교를 찾아왔습니다 처음 오는 길이어서 찾기가 쉽지 않았습니다 그래도 나름 잘 찾아왔다고 생각합니다 그리고 와서 샌드위치를 먹고 페이히어라는 서비스를 하는 기업의 소개를 들었습니다,오늘은 아침에 일어나서 밥을 먹고 씻고 나서 글로벌 창업사관학교를 찾아왔습니다 처음 오는 길이어서 찾기가 쉽지 않았습니다 그래도 나름 잘 찾아왔다고 생각합니다 그리고 와서 샌드위치를 먹고 페이히어라는 서비스를 하는 기업의 소개를 들었습니다,"오늘,아침,밥,글로벌창업사관학교,샌드위치,페이히어,서비스,기업,소개",페이 히어,,
20,설문,Calm - 평안한,"점심을 먹고 들어와 유튜브를 시청하고, 사무실에서 잠깐 낮잠을 자고 일어나 다시 일을 하였습니다. ",점심을 먹고 들어와 유튜브를 시청하고 사무실에서 잠깐 낮잠을 자고 일어나 다시 일을 하였습니다,점심을 먹고 들어와 유튜브를 시청하고 사무실에서 잠깐 낮잠을 자고 일어나 다시 일을 하였습니다,"점심,먹고,유튜브,시청,사무실,낮잠",,,
21,설문,Nervous - 긴장되는,"연이은 지각,연이은 회의, 높아지는 언성, 미뤄진 할일, 익히기에 쉽지않은 새로운 프레임워크들, 디텍션 세그멘테이션, 인스턴스 세그멘테이션 제대로 아는게 없는것 같다. 딥러닝쪽 실습이 좀 더 있었으면 좋았겠구나 싶다. 어쩌다보니 내일은 금요일이다 집에 오랜만에 늦게 갔다.",연이은 지각연이은 회의 높아지는 언성 미뤄진 할일 익히기에 쉽지않은 새로운 프레임워크들 디텍션 세그멘테이션 인스턴스 세그멘테이션 제대로 아는게 없는것 같다 딥러닝쪽 실습이 좀 더 있었으면 좋았겠구나 싶다 어쩌다보니 내일은 금요일이다 집에 오랜만에 늦게 갔다,연이은 지각 연이은 회의 높아지는 언성 미뤄진 할 일 익히기에 쉽지 않은 새로운 프레임워크들 디텍션 세그멘테이션 인스턴스 세그멘테이션 제대로 아는 게 없는 것 같다 딥러닝 쪽 실습이 좀 더 있었으면 좋았겠구나 싶다 어쩌다 보니 내일은 금요일이다 집에 오랜만에 늦게 갔다,"지각,회의,언성,프레임워크,디텍션,세그멘테이션,인스턴스,세그멘테이션,딥러닝,실습,내일,금요일,집","세그먼테이션
디렉션
",,
22,설문,Happy - 행복한,점심에 와서 고요한밤 노래를 듣고 커피가 마시고 싶어서 도현님과 카페에서 에스프레소 한 잔을 하고 부여받은 태스크가 잘 진행되지 않아서 윤재님과 노래를 듣고있습니다.,점심에 와서 고요한밤 노래를 듣고 커피가 마시고 싶어서 도현님과 카페에서 에스프레소 한 잔을 하고 부여받은 태스크가 잘 진행되지 않아서 윤재님과 노래를 듣고있습니다,점심에 와서 고요한 밤 노래를 듣고 커피가 마시고 싶어서 도현님과 카페에서 에스프레소 한 잔을 하고 부여받은 태스크가 잘 진행되지 않아서 윤재 님과 노래를 듣고 있습니다,"점심,밤,노래,커피,도현님,카페,에스프레소,태스크,윤재님,노래",,,
23,설문,Happy - 행복한,학교에 가서 수업을 들었습니다. 그리고 피아노를 치러갔어요. 그리고 미술학원에 가서 그림을 그렸습니다. ,학교에 가서 수업을 들었습니다 그리고 피아노를 치러갔어요 그리고 미술학원에 가서 그림을 그렸습니다,학교에 가서 수업을 들었습니다 그리고 피아노를 치러갔어요 그리고 미술학원에 가서 그림을 그렸습니다,"학교,수업,피아노,미술,학원,그림",,,
24,설문,Lethargic - 무기력한,오늘 날씨가 갑자기 추워져서 지금까지 괜찮았던 비염이 다시 시작되면서 콧물도 자주 나오고 목 상태도 안 좋아서 아침까지만 해도 컨디션이 나빴습니다. 그러다가 시간 좀 지나니 비염이 잠시 심했을 뿐 감기에 걸린게 아니다보니    컨디션도 다시 좋아졌고 기운을 차리게 됐습니다.,오늘 날씨가 갑자기 추워져서 지금까지 괜찮았던 비염이 다시 시작되면서 콧물도 자주 나오고 목 상태도 안 좋아서 아침까지만 해도 컨디션이 나빴습니다 그러다가 시간 좀 지나니 비염이 잠시 심했을 뿐 감기에 걸린게 아니다보니 컨디션도 다시 좋아졌고 기운을 차리게 됐습니다,오늘 날씨가 갑자기 추워져서 지금까지 괜찮았던 비염이 다시 시작되면서 콧물도 자주 나오고 목 상태도 안 좋아서 아침까지만 해도 컨디션이 나빴습니다 그러다가 시간 좀 지나니 비염이 잠시 심했을 뿐 감기에 걸린 게 아니다 보니 컨디션도 다시 좋아졌고 기운을 차리게 됐습니다,"오늘,날씨,지금,비염,콧물,목,상태,아침,컨디션,시간,비염,감기,컨디션,기운",,,
25,설문,Lethargic - 무기력한,"어제 발표를 기준으로 부담스러운 것은 일단락 되었다.
생각보다 많이 스트레스를 받았던 것 같다. 솔직히 별거 아닌 건데..
누군가의 앞에 서서 이야기를 한다는 것 자체가 정말 큰 부담이다.
그래도 나름 많은 것을 배웠다고 생각한다. 
내가 편안해야 듣는 사람도 편하고, 내가 하고자 하는 이야기를 정확하게 얘기하려는 것 보다, 
우리의 과정과 상황에 대해 우리가 하고자 하는 것을 제대로 이야기 하는 것이 더 중요하다 생각이 들었다.
이제 다시 프로젝트로 돌아가려 한다.
한동안 코딩을 하지 않아서, 여러가지로 새로 한다는 생각이다.
솔직히 무엇부터 해야 하고 뭘해야 할지가 머리에 없다. 그냥 GPT에 물어보고 해야 할 것 같다.
그전에!! 
이전에 봣었던 기업의 코드들을 다시 복기해야 할 것 같다.
다시 그 과정부터 제대로 인지를 하고 접근을 해야 할 것 같다. 나름 팀원들이 너무너무너무너무너무너무 잘 해주고 계셔서, 잘은 모르지만 대충 내용에 대해서 어느 방향으로 가야 할지를 생각은 하고 있다.
내 역할은 기능적인 세부적인 것 보다 어떠한 방향성과 흐름, 심리적인 부분의 개념에 대해 이야기를 해주는 것으로 해야하나 싶다.
기본적 EDA 코드들에 대해서도 잊어버렸다...
다시 시도해야겠다..ㅠㅠ ",어제 발표를 기준으로 부담스러운 것은 일단락 되었다생각보다 많이 스트레스를 받았던 것 같다 솔직히 별거 아닌 건데누군가의 앞에 서서 이야기를 한다는 것 자체가 정말 큰 부담이다그래도 나름 많은 것을 배웠다고 생각한다 내가 편안해야 듣는 사람도 편하고 내가 하고자 하는 이야기를 정확하게 얘기하려는 것 보다 우리의 과정과 상황에 대해 우리가 하고자 하는 것을 제대로 이야기 하는 것이 더 중요하다 생각이 들었다이제 다시 프로젝트로 돌아가려 한다한동안 코딩을 하지 않아서 여러가지로 새로 한다는 생각이다솔직히 무엇부터 해야 하고 뭘해야 할지가 머리에 없다 그냥 GPT에 물어보고 해야 할 것 같다그전에 이전에 봣었던 기업의 코드들을 다시 복기해야 할 것 같다다시 그 과정부터 제대로 인지를 하고 접근을 해야 할 것 같다 나름 팀원들이 너무너무너무너무너무너무 잘 해주고 계셔서 잘은 모르지만 대충 내용에 대해서 어느 방향으로 가야 할지를 생각은 하고 있다내 역할은 기능적인 세부적인 것 보다 어떠한 방향성과 흐름 심리적인 부분의 개념에 대해 이야기를 해주는 것으로 해야하나 싶다기본적 EDA 코드들에 대해서도 잊어버렸다다시 시도해야겠다,어제 발표를 기준으로 부담스러운 것은 일단락되었다 생각보다 많이 스트레스를 받았던 것 같다 솔직히 별거 아닌 건데 누군가의 앞에 서서 이야기를 한다는 것 자체가 정말 큰 부담이다 그래도 나름 많은 것을 배웠다고 생각한다 내가 편안해야 듣는 사람도 편하고 내가 하고자 하는 이야기를 정확하게 얘기하려는 것보다 우리의 과정과 상황에 대해 우리가 하고자 하는 것을 제대로 이야기하는 것이 더 중요하다 생각이 들었다 이제 다시 프로젝트로 돌아가려 한다 한동안 코딩을 하지 않아서 여러 가지로 새로 한다는 생각이다 솔직히 무엇부터 해야 하고 뭘 해야 할지가 머리에 없다 그냥 GPT에 물어보고 해야 할 것 같다 그전에 이전에 봤었던 기업의 코드들을 다시 복기해야 할 것 같다 다시 그 과정부터 제대로 인지를 하고 접근을 해야 할 것 같다 나름 팀원들이 너무너무너무너무너무너무 잘 해주고 계셔서 잘은 모르지만 대충 내용에 대해서 어느 방향으로 가야 할지를 생각은 하고 있다 내 역할은 기능적인 세부적인 것보다 어떠한 방향성과 흐름 심리적인 부분의 개념에 대해 이야기를 해주는 것으로 해야 하나 싶다기 본적 EDA 코드들에 대해서도 잊어버렸다 다시 시도해야겠다,"어제,발표,기준,생각,스트레스,이야기,부담,사람,이야기,우리,과정,상황,우리,생각,프로젝트,코딩,생각,무엇,머리,GPT,기업,코드,복기,과정,인지,접근,팀원,내용,방향,생각,역할,방향성,흐름,개념,이야기,EDA,코드",,,
26,설문,Excited - 신나는,"오늘 발표함. 이전 다른 팀 프로젝트 발표 들었는데 무서웠음. ㄷㄷㄷ
그래도 우리는 발표 자료도 되게 멋지게 준비하고, 계속 문제점에 대해서 공유를 잘 해서 그런지 찬혁님도 잘 발표하신 거 같음.
이제, 모모리 사용자들이 일기 내용만 제대로 쓰면 되겠다.",오늘 발표함 이전 다른 팀 프로젝트 발표 들었는데 무서웠음 그래도 우리는 발표 자료도 되게 멋지게 준비하고 계속 문제점에 대해서 공유를 잘 해서 그런지 찬혁님도 잘 발표하신 거 같음이제 모모리 사용자들이 일기 내용만 제대로 쓰면 되겠다,오늘 발표함 이전 다른 팀 프로젝트 발표 들었는데 무서웠음 그래도 우리는 발표 자료도 되게 멋지게 준비하고 계속 문제점에 대해서 공유를 잘 해서 그런지 찬혁 님도 잘 발표하신 거 같음 이제 모 모리 사용자들이 일기 내용만 제대로 쓰면 되겠다,"오늘,이전,다른,팀,프로젝트,발표,발표,자료,우리,계속,문제점,공유,찬혁님,발표,모모리,사용자,일기,내용",,,
27,홍현쌤,love,"오늘은 책상을 깨끗하게 청소하고 마라탕도 먹었어 그리고 봄이 밤 산책도 갔다 왔어 오늘 달이 예쁘더라
홍현쌤 오늘 예쁜 달이 떴더라구요 쌤 정말 보고 싶고 연락도 하고 싶어요 오늘이 쌤이 가신지 딱 한 달 된 날인데 너무 그리워요 전 항상 쌤 생각뿐인데 쌤은 아주 가끔씩만이라도 절 떠올려주세요 쌤 목소리도 듣고 싶고 그 따뜻한 눈빛도 보고 싶어요 언젠간 다시 볼 수 있겠죠? 쌤 오늘도 푹 주무세요! .???",오늘은 책상을 깨끗하게 청소하고 마라탕도 먹었어 그리고 봄이 밤 산책도 갔다 왔어 오늘 달이 예쁘더라 홍현쌤 오늘 예쁜 달이 떴더라구요 쌤 정말 보고 싶고 연락도 하고 싶어요 오늘이 쌤이 가신지 딱 한 달 된 날인데 너무 그리워요 전 항상 쌤 생각뿐인데 쌤은 아주 가끔씩만이라도 절 떠올려주세요 쌤 목소리도 듣고 싶고 그 따뜻한 눈빛도 보고 싶어요 언젠간 다시 볼 수 있겠죠 쌤 오늘도 푹 주무세요,오늘은 책상을 깨끗하게 청소하고 마라탕도 먹었어 그리고 봄이 밤 산책도 갔다 왔어 오늘 달이 예쁘더라 홍현쌤 오늘 예쁜 달이 떴더라고요 선생님 정말 보고 싶고 연락도 하고 싶어요 오늘이 선생님이 가신지 딱 한 달 된 날인데 너무 그리워요 전 항상 선생님 생각뿐인데 선생님은 아주 가끔씩만이라도 절 떠올려주세요 선생님 목소리도 듣고 싶고 그 따뜻한 눈빛도 보고 싶어요 언젠간 다시 볼 수 있겠죠 선생님 오늘도 푹 주무세요,"오늘,책상,청소,마라탕,봄이,밤,산책,달,홍현쌤,오늘,달,선생님,연락,오늘,선생님,선생님,선생님,선생님,목소리,눈빛,선생님",쌤 -> 선생님,,
28,오빠,angry,짜증나. 항상 그래 저번에 싸울때도 오늘 싸울때도 항상 힘으로 할려고 하는 오빠가 진짜 싫다.,짜증나 항상 그래 저번에 싸울때도 오늘 싸울때도 항상 힘으로 할려고 하는 오빠가 진짜 싫다,짜증 나 항상 그래 저번에 싸울 때도 오늘 싸울 때도 항상 힘으로 하려고 하는 오빠가 진짜 싫다,"오늘,힘,오빠",,,
29,김예준,fun,9/30 잉 헐 벌써 9월 마지막 날이네..아ㅠ나 진짜 무서워 입시 무서워 그냥 합격 시켜주라ㅠ3명 밖에 안왔는데..너무해ㅠ진짜 나 무섭다고 11일 남았다고.ᐟ.ᐟ 아오 킹받아ㅠ국중 내가 불질러버릴거임 ㅅㄱ 히히 라고할뻔 ^^ 앞에서는 국중 아이러브유~~해줘야징>< 응응 ㅋㅋㅋㅋ어쨋든 두둥 오늘은 대망의 모의고사날..아 진짜ㅠ 너무 너무 떨렸드ㅏ..아침부터 일어나서 정신없게 막 옷 입고 양치하고 세수하고 로션 바르고 선크림 바르고 밥 먹고 약 먹고 가방 싸서 바로 출발함 ㅋㅋㅋ 가는 길에 목 푸는데 갑자기 김예준한테 카톡 와서 존나 놀랐으..폰압 풀렸당 히히 부럽지? 이지랄 해서 모시여..하고 봤는데 진짜 김예준이였ㅅ음 ㄷㄷ 그래서 아 징짜 김예준 왜 답장안와하면서 모의고사 학과 시험 봤당 근데 헷갈리는게 있어서 더 맞는거 같은거 골랐으..존나게 불안한 마음으로 번호 뽑으래서 2번 뽑음.ᐟ 딱 좋은 숫자 엘베에서 정아인이 갑자기 어? 박시연? 해서 존나 존나 놀람 키 개작음 ㅠㅠ ㅎ히히 연습하다가 불러서 대기하는데 진짜 너무너므너머어므 떨려서 심장 사라진줄..그래서 들어가서 꽤 잘 부른듯..? 아닌듯? 부르고 피드백 받음 눈 너무 자주 깜빡이지 말고 박자 세는거 안보이게 새라는디 그리고 피치 내랴가지 않게 부르래서 넵 함 히히 저번보다 늘어서 너무 좋다고 하심 히히 그러고 뭐했드라..? 집 와서 옷 바로 갈아입고 고가 쳐묵쳐묵 하고 김예준이랑 카톡함 엄마가 나 학과 백점이고 정아인 15점이래서 좋았는데 김예준한테 카톡도 오니까 기분아 너무너므너므 조아서 거실에서 춤추고 입꼬리가 천장을 뚫음 덜덜 아 자랑스럽군 김예준이랑 계속 카톡하다가 밥 먹는다고 사라짐 ㅋㅋㅋㅋㅋ 그러고 걸어서 폼폼이 면회하러 가기 슝슝 셀카 찍었는데 잘 나왔을지도 ㅋㅋㅋㅋㅋ 노래 들으년서 가는데 날씨도 좋고 다 완벽했어서 신났었음 폼폼이두 봤는데 너무 이뽀 다 나은것 같던데 더더 완치하고 집에서 보면 좋겠어 아주ㅠㅠ 김현서가 노래 추천해줬는데 노래 갸조음 진심 히히 그러고 쿨마트에서 라면사서 집 가서 라면 호로록 하고 틱톡 보다가 지금 침대 히히 아니 근데 진짜 오글거려서 말하기 싫은데 내가 김예준 많이 좋아하나벼..그냥 연락 오니까 너무 좋고 입시 끝나고 걔랑 놀거 생각하면 너무 좋음 진짜 오ㅑ그러지..나 너 많이 조아하네..응..,930 잉 헐 벌써 9월 마지막 날이네아나 진짜 무서워 입시 무서워 그냥 합격 시켜주라3명 밖에 안왔는데너무해진짜 나 무섭다고 11일 남았다고 아오 킹받아국중 내가 불질러버릴거임 히히 라고할뻔 앞에서는 국중 아이러브유해줘야징>< 응응 어쨋든 두둥 오늘은 대망의 모의고사날아 진짜 너무 너무 떨렸드아침부터 일어나서 정신없게 막 옷 입고 양치하고 세수하고 로션 바르고 선크림 바르고 밥 먹고 약 먹고 가방 싸서 바로 출발함 가는 길에 목 푸는데 갑자기 김예준한테 카톡 와서 존나 놀랐으폰압 풀렸당 히히 부럽지 이지랄 해서 모시여하고 봤는데 진짜 김예준이였음 그래서 아 징짜 김예준 왜 답장안와하면서 모의고사 학과 시험 봤당 근데 헷갈리는게 있어서 더 맞는거 같은거 골랐으존나게 불안한 마음으로 번호 뽑으래서 2번 뽑음 딱 좋은 숫자 엘베에서 정아인이 갑자기 어 박시연 해서 존나 존나 놀람 키 개작음 히히 연습하다가 불러서 대기하는데 진짜 너무너므너머어므 떨려서 심장 사라진줄그래서 들어가서 꽤 잘 부른듯 아닌듯 부르고 피드백 받음 눈 너무 자주 깜빡이지 말고 박자 세는거 안보이게 새라는디 그리고 피치 내랴가지 않게 부르래서 넵 함 히히 저번보다 늘어서 너무 좋다고 하심 히히 그러고 뭐했드라 집 와서 옷 바로 갈아입고 고가 쳐묵쳐묵 하고 김예준이랑 카톡함 엄마가 나 학과 백점이고 정아인 15점이래서 좋았는데 김예준한테 카톡도 오니까 기분아 너무너므너므 조아서 거실에서 춤추고 입꼬리가 천장을 뚫음 덜덜 아 자랑스럽군 김예준이랑 계속 카톡하다가 밥 먹는다고 사라짐 그러고 걸어서 폼폼이 면회하러 가기 슝슝 셀카 찍었는데 잘 나왔을지도 노래 들으년서 가는데 날씨도 좋고 다 완벽했어서 신났었음 폼폼이두 봤는데 너무 이뽀 다 나은것 같던데 더더 완치하고 집에서 보면 좋겠어 아주 김현서가 노래 추천해줬는데 노래 갸조음 진심 히히 그러고 쿨마트에서 라면사서 집 가서 라면 호로록 하고 틱톡 보다가 지금 침대 히히 아니 근데 진짜 오글거려서 말하기 싫은데 내가 김예준 많이 좋아하나벼그냥 연락 오니까 너무 좋고 입시 끝나고 걔랑 놀거 생각하면 너무 좋음 진짜 오그러지나 너 많이 조아하네응,930 잉 헐 벌써 9월 마지막 날이네 아나 진짜 무서워 입시 무서워 그냥 합격 시켜주라 3명 밖에 안 왔는데 너무해 진짜 나 무섭다고 11일 남았다고 아오 킹 받아 국중 내가 불질러버릴 거임 히히 라고 할 뻔 앞에서는 국중 아이 러브 유해줘야지>< 응응 어쨌든 두둥 오늘은 대망의 모의고사 날아 진짜 너무너무 떨렸다 아침부터 일어나서 정신없게 막 옷 입고 양치하고 세수하고 로션 바르고 선크림 바르고 밥 먹고 약 먹고 가방 싸서 바로 출발함 가는 길에 목 푸는데 갑자기 김예준한테 카톡 와서 존나 놀랐으폰압 풀렸다 히히 부럽지 이 지랄해서 모시 여하고 봤는데 진짜 김예준이었음 그래서 아 진짜 김예준 왜 답장 안 와하면서 모의고사 학과 시험 봤다 근데 헷갈리는 게 있어서 더 맞는 거 같은 거 골랐으존나게 불안한 마음으로 번호 뽑으래서 2번 뽑음 딱 좋은 숫자 엘베에서 정애인이 갑자기 어 박시연 해서 존나 존나 놀람 키 개작을 히히 연습하다가 불러서 대기하는데 진짜 너무너무 너머 오므 떨려서 심장 사라진 줄 그래서 들어가서 꽤 잘 부른 듯 아닌 듯 부르고 피드백 받음 눈 너무 자주 깜빡이지 말고 박자 세는 거 안 보이게 새라는 디 그리고 피치 내랴가지 않게 부르래서 넵 함 히히 저번보다 늘어서 너무 좋다고 하심 히히 그러고 뭐 했더라 집 와서 옷 바로 갈아입고 고기 쳐묵쳐묵 하고 김예준이랑 카톡함 엄마가 나 학과 백 점이고 정자인 15점이래서 좋았는데 김예준한테 카톡도 오니까 기분아 너무너무너무 조아서 거실에서 춤추고 입꼬리가 천장을 뚫음 덜덜 아 자랑스럽군 김예준이랑 계속 카톡 하다가 밥 먹는다고 사라짐 그러고 걸어서 폼폼이 면회하러 가기 슝슝 셀카 찍었는데 잘 나왔을지도 노래 들으년서 가는데 날씨도 좋고 다 완벽했어서 신났었음 본 폼이 두 봤는데 너무 이뻐 다 나은 것 같던데 더더 완치하고 집에서 보면 좋겠어 아주 김현서가 노래 추천해 줬는데 노래 갸조음 진심 히히 그러고 쿨마트에서 라면 사서 집 가서 라면 호로록하고 틱톡 보다가 지금 침대 히히 아니 근데 진짜 오글거려서 말하기 싫은데 내가 김예준 많이 좋아하나 벼 그냥 연락 오니까 너무 좋고 입시 끝나고 걔랑 놀 거 생각하면 너무 좋음 진짜 오 그러지나 너 많이 조아하네응,"9월,마지막,날,입시,합격,국중,국중,오늘,대망,모의고사,아침,옷,양치,세수,로션,선크림,밥,약,가방,김예준,카톡,폰압,김예준,김예준,답장,모의고사,학과,시험,마음,번호,숫자,엘베,정애인,박시연,키,대기,심장,피드백,눈,박자,피치,고기,쳐묵쳐묵,김예준,카톡,엄마,학과,정자인,김예준,기분,카톡,거실,입꼬리,천장,김예준,카톡,밥,폼폼이,면화,셀카,노래,날씨,김현서,노래,노래,진심,쿨마트,라면,집,라면,틱톡,침대,김예준,연락",,,
30,클튜,excited,할모니집! 오눌도 공부… 그리고 클튜 샀당 ㅎㅎㅎ 이게내가 한 일중 가장 알차다,할모니집 오눌도 공부 그리고 클튜 샀당 이게내가 한 일중 가장 알차다,할머니 집 오늘도 공부 그리고 클튜 샀다 이게 내가 한 일중 가장 알차다,"할머니,집,오늘,공부,클튜,일",,,
31,아빤 거짓말쟁이,angry,내가 항상 짜증내면서 말한다고..? 언제 그랬을까..? 맨날 요즘 친절하게 이야기 해주는데도 아빤 맨날 엄마앞에서 쪼나봐ㅋ 킹받네 그래서 맨날 기싸움에서 지는거야 거짓말쟁이야,내가 항상 짜증내면서 말한다고 언제 그랬을까 맨날 요즘 친절하게 이야기 해주는데도 아빤 맨날 엄마앞에서 쪼나봐 킹받네 그래서 맨날 기싸움에서 지는거야 거짓말쟁이야,내가 항상 짜증 내면서 말한다고 언제 그랬을까 맨날 요즘 친절하게 이야기해주는데도 아빤 맨날 엄마 앞에서 쪼나 봐 킹 받네 그래서 맨날 기싸움에서 지는 거야 거짓말쟁이야,"짜증,요즘,아빤,맨날,엄마,기싸움,거짓말쟁이",,,
32,군것질,gloomy,으으.. 스트레스 ㅠㅠ 요즘 잠을 늦게 잤더니 트러블이 점점 올라온다!! 앞으로 일찍 자는 버릇 들여야지.. 담주 금요일이면 체육대회인데 ㅜㅡㅜ 그리고 요즘 낮잠을 많이 자고 군것질을 많이 해서 살이 찌고 있는 것 겉다… 다이어트는 나중에 해야디.. ㅎㅎ,으으 스트레스 요즘 잠을 늦게 잤더니 트러블이 점점 올라온다 앞으로 일찍 자는 버릇 들여야지 담주 금요일이면 체육대회인데 그리고 요즘 낮잠을 많이 자고 군것질을 많이 해서 살이 찌고 있는 것 겉다 다이어트는 나중에 해야디,으으 스트레스 요즘 잠을 늦게 잤더니 트러블이 점점 올라온다 앞으로 일찍 자는 버릇 들여야지 담 주 금요일이면 체육대회인데 그리고 요즘 낮잠을 많이 자고 군것질을 많이 해서 살이 찌고 있는 것 걷다 다이어트는 나중에 해야지,"스트레스,요즘,잠,트러블,버릇,담주,금요일,체육대회,요즘,낮잠,군것질,살,다이어트",,,
33,무기력,annoyed,무기력하고 아무것도 하기싫다 기분개같아,무기력하고 아무것도 하기싫다 기분개같아,무기력하고 아무것도 하기 싫다 기분 개같아,"무기력,기분",,,
34,영화,fun,엄마 아빠랑 영화 보러 갔는데 와씨 그런 영화는 세상에 존재하면 안된다. 영화를 다시 찍는다가 스토리의 끝이다. 그렇게 어이없는 영화는 처음이었다. 무슨 영화인지를 모르겠어. 가족끼리 단란하게 오랜만에 시간을 보내서 좋았다 수민이랑 저녁에 놀았는데 엄청 재밌었다. 아마 내일은 함께 뚝섬 한강공원에 갈 거 같다. 지영이 살을 찌워야지 요새 너무 잘생겨져서 보고있므면 심장 아프다 평점 : ★★★★☆,엄마 아빠랑 영화 보러 갔는데 와씨 그런 영화는 세상에 존재하면 안된다 영화를 다시 찍는다가 스토리의 끝이다 그렇게 어이없는 영화는 처음이었다 무슨 영화인지를 모르겠어 가족끼리 단란하게 오랜만에 시간을 보내서 좋았다 수민이랑 저녁에 놀았는데 엄청 재밌었다 아마 내일은 함께 뚝섬 한강공원에 갈 거 같다 지영이 살을 찌워야지 요새 너무 잘생겨져서 보고있므면 심장 아프다 평점,엄마 아빠랑 영화 보러 갔는데 와씨 그런 영화는 세상에 존재하면 안 된다 영화를 다시 찍는다가 스토리의 끝이다 그렇게 어이없는 영화는 처음이었다 무슨 영화인지를 모르겠어 가족끼리 단란하게 오랜만에 시간을 보내서 좋았다 수민이랑 저녁에 놀았는데 엄청 재밌었다 아마 내일은 함께 뚝섬 한강공원에 갈 거 같다 지영이 살을 찌워야지 요새 너무 잘생겨져서 보고있므면 심장 아프다 평점,"엄마,아빠,영화,영화,세상,존재,영화,스토리,끝,영화,처음,영화,가족,시간,수민이,저녁,내일,뚝섬,한강공원,지영이,살,심장,평점",,,
35,캐캐체,fun,10/2 유진이랑 소연이랑 은정이랑 민정이랑 해서 캐캐체 카페 가기로 했는데 소연이가 가족 약속 때문에 못오게 됨 갔는데 딱 카페 앞이었음 은정이가 먼저 도착 했다고 했는데 없어서 은정이 빨리 오라하고 뻘쭘하게 서있었다.. 은정이가 당근 해야한다고 따라갔는데 민정이랑 만남 은정이 당근 구경 하려고 했는데 유진이가 전화 와서 길 잃었다고 해가지고 데리러 갈려고 움직였는데 중간에서 만남 11시 반 쯤 미리 예약 해둠 그리고 맘스터치 가서 먹고 보드게임 카페 감 내가 점점 게임에 진심이 아니게 되다보니 다 잃었음 순발력 같은건 재능 없나봄 끝나고 나가서 캐캐체 카페 감 고민 하다가 카드 홀더 사고 미키젤리 샀는데 진짜 정말 심각하게 맛없었음 안에 들어있는 카드는 은정이 하나 줌 지연경한테 캐캐체 어떠냐 물었는데 좋다 해서 선물로 줄 예정 포스터도 한장 더 챙김 그리고 짜글이? 불고기 해서 먹음 홍대 가서 돌아다니다가 여기저기 구경도 하고 노래방 가서 박수도 쳐주고 룸카페 가서 인타임 영화도 봄 재밌음,102 유진이랑 소연이랑 은정이랑 민정이랑 해서 캐캐체 카페 가기로 했는데 소연이가 가족 약속 때문에 못오게 됨 갔는데 딱 카페 앞이었음 은정이가 먼저 도착 했다고 했는데 없어서 은정이 빨리 오라하고 뻘쭘하게 서있었다 은정이가 당근 해야한다고 따라갔는데 민정이랑 만남 은정이 당근 구경 하려고 했는데 유진이가 전화 와서 길 잃었다고 해가지고 데리러 갈려고 움직였는데 중간에서 만남 11시 반 쯤 미리 예약 해둠 그리고 맘스터치 가서 먹고 보드게임 카페 감 내가 점점 게임에 진심이 아니게 되다보니 다 잃었음 순발력 같은건 재능 없나봄 끝나고 나가서 캐캐체 카페 감 고민 하다가 카드 홀더 사고 미키젤리 샀는데 진짜 정말 심각하게 맛없었음 안에 들어있는 카드는 은정이 하나 줌 지연경한테 캐캐체 어떠냐 물었는데 좋다 해서 선물로 줄 예정 포스터도 한장 더 챙김 그리고 짜글이 불고기 해서 먹음 홍대 가서 돌아다니다가 여기저기 구경도 하고 노래방 가서 박수도 쳐주고 룸카페 가서 인타임 영화도 봄 재밌음,102 유진이랑 소연이랑 은정이랑 민정이랑 해서 캐캐체 카페 가기로 했는데 소연이가 가족 약속 때문에 못 오게 됨 갔는데 딱 카페 앞이었음 은정이가 먼저 도착했다고 했는데 없어서 은정이 빨리 오라하고 뻘쭘하게 서있었다 은정이가 당근 해야 한다고 따라갔는데 민정이랑 만남 은정이 당근 구경 하려고 했는데 유진이가 전화 와서 길 잃었다고 해가지고 데리러 가려고 움직였는데 중간에서 만남 11시 반쯤 미리 예약해둠 그리고 맘스터치 가서 먹고 보드게임 카페 감 내가 점점 게임에 진심이 아니게 되다 보니 다 잃었음 순발력 같은 건 재능 없나 봄 끝나고 나가서 캐캐체 카페 감 고민하다가 카드 홀더 사고 미키 젤리 샀는데 진짜 정말 심각하게 맛없었음 안에 들어있는 카드는 은정이 하나 줌 지연경한테 캐캐체 어떠냐 물었는데 좋다 해서 선물로 줄 예정 포스터도 한 장 더 챙김 그리고 짜글이 불고기 해서 먹음 홍대 가서 돌아다니다가 여기저기 구경도 하고 노래방 가서 박수도 쳐주고 룸 카페 가서 인 타임 영화도 봄 재밌음,"유진이,소연이,은정이,민정이,캐캐체,카페,소연이,가족,약속,카페,은정이,은정이,은정이,당근,민정이,은정이,당근,구경,유진이,전화,길,중간,만남,예약,맘스터치,보드게임,카페,게임,진심,순발력,재능,캐캐체,카페,카드,홀더,미키,젤리,진짜,카드,은정이,지연경,캐캐체,선물,예정,포스터,짜글이,불고기,홍대,구경,노래방,박수,룸카페,인타임,영화",,,
36,탕후루,calm,으아아아힘들어 피곤해. 일어나서 오랜만에 뚜 집 고고고😋 점심으로 편백찜을 먹고 과제를 조금 하고 게임을 하니 벌써 왜 오후? 시간 너무 빠르다 진짜. 어제 집에서 하루종일 과제를 할 때는 아직도 한시야? 이랬는데 오늘은 벌써 다섯시?🤪 저녁을 먹으러 어디로 갈까 하다 양꼬치 먹은 곳 근처로 돈까스를 먹으러 갔다. 약간 낙원테산도 스타일. 나는 등심을 시키고 뚜는 치즈를 시켜서 뇸뇸. 맛있긴한데 확실히 느끼해ㅜㅜ 다음엔 양꼬치 먹어야지. 다 먹고 나오니 바로 앞에 탕후루 가게가 있네? 원래 탕후루 안 먹으려 했는데 솔직히 생각보다 안 달고 맛있어... 뚜도 안 먹은지 오래돼서 오랜만에 청포도로 먹었다. 가게 안은 탕후루 국물을 흘린건지 끈적끈적 으... 청포도도 맛있지만 딸기가 최고인데 없으니 다음에 다시 먹어야지😛 벌써 집에 갈 시간ㅜㅜ 연휴라 혹시 막히나 했는데 오히려 더 빨리 도착했다. 이제 과제해야지🫠😴,으아힘들어 피곤해 일어나서 오랜만에 뚜 집 고 점심으로 편백찜을 먹고 과제를 조금 하고 게임을 하니 벌써 왜 오후 시간 너무 빠르다 진짜 어제 집에서 하루종일 과제를 할 때는 아직도 한시야 이랬는데 오늘은 벌써 다섯시 저녁을 먹으러 어디로 갈까 하다 양꼬치 먹은 곳 근처로 돈까스를 먹으러 갔다 약간 낙원테산도 스타일 나는 등심을 시키고 뚜는 치즈를 시켜서 뇸뇸 맛있긴한데 확실히 느끼해 다음엔 양꼬치 먹어야지 다 먹고 나오니 바로 앞에 탕후루 가게가 있네 원래 탕후루 안 먹으려 했는데 솔직히 생각보다 안 달고 맛있어 뚜도 안 먹은지 오래돼서 오랜만에 청포도로 먹었다 가게 안은 탕후루 국물을 흘린건지 끈적끈적 으 청포도도 맛있지만 딸기가 최고인데 없으니 다음에 다시 먹어야지 벌써 집에 갈 시간 연휴라 혹시 막히나 했는데 오히려 더 빨리 도착했다 이제 과제해야지,으아 힘들어 피곤해 일어나서 오랜만에 뚜 집 고 점심으로 편백 찜을 먹고 과제를 조금 하고 게임을 하니 벌써 왜 오후 시간 너무 빠르다 진짜 어제 집에서 하루 종일 과제를 할 때는 아직도 한시야 이랬는데 오늘은 벌써 다섯시 저녁을 먹으러 어디로 갈까 하다 양 꼬치 먹은 곳 근처로 돈가스를 먹으러 갔다 약간 낙원테산도 스타일 나는 등심을 시키고 뚜는 치즈를 시켜서 뇸뇸 맛있긴 한데 확실히 느끼해 다음엔 양 꼬치 먹어야지 다 먹고 나오니 바로 앞에 탕후루 가게가 있네 원래 탕후루 안 먹으려 했는데 솔직히 생각보다 안 달고 맛있어 뚝도 안 먹은 지 오래돼서 오랜만에 청포도로 먹었다 가게 안은 탕후루 국물을 흘린 건지 끈적끈적 으 청포도도 맛있지만 딸기가 최고인데 없으니 다음에 다시 먹어야지 벌써 집에 갈 시간 연휴라 혹시 막히나 했는데 오히려 더 빨리 도착했다 이제 과제해야지,"오랜만,뚜,집,점심,편백찜,과제,게임,오후,시간,어제,집,하루종일,과제,때,오늘,저녁,양꼬치,돈까스,낙원테산도,스타일,등심,뚜,치즈,양꼬치,탕후루,가게,탕후루,생각,청포도,가게,탕후루,국물,청포도,딸기,다음,집,연휴,시간,과제",,,
37,오사카,happy,"오사카여행 1일차 새벽 3시 반에 일어나서 나갈준비함.. 전날 8시에 자서 일어나고 공항 가는동안 그렇게 피곤하진 않았음ㅁ. 늘 그렇지만 새벽에 드문드문 가로등빛 보이는 공항가는길이 좋았다. 탑승 시작하기 전에 해뜨더니 피곤해져서 비행 내내 잤다. 어차피 통로자리였어서🥹.,.,, 내리고 바로 밥묵으러갔당. 전골집이었는데 샤브샤브상위호환임완젘 새우도나오고 고기도있고 생선도있고 념념 후식으로 무ㅜ야그거 녹차모찌?가 나왔는데 먹는데 이시려디질뻨ㅠ 여튼 샤브샤브는 맛있었다. 날씨도 겁내좋아서 다시 내생일즈음에 돌아온것 같은 느낌이었다..👍 바로 신사같은곳에 갔는데 맑은물이 흐르는 신사라더라. 그래서인지 산중턱에 있어서 올라가는데 꽤 힘들었다. 그만큼 경치도 좋아서 올라갈 가치는 있었던 것 같다. 다음에 오면 소원도 빌어보고 싶다. 아그리고내려가는길에 스누피바닐라아이스크림이랑 만쥬? 먹었는데 존맛탱이었음ㅠㅜ 다음으로는 대나무숲을 갔는데 이때부터 날씨가 흐려서 좀 음산한 감이 있었다. 그래도 칠판그린만 보고 살았더니 나무그린색 보는것만으로도 충분히 힐링이엇다ㅠ 여기서는 무슨 사쿠라 아이스크림을 팔았는데 뭔가 맛이 신기함.. 앙금? 에다가 모찌 위에 그 하얀 가루 섞은 느낌이엇다. 맛도 맛인데 녹기도 존내빨리녹아서 허겁지겁먹음ㅋㅋㅋㄱㅋㅠㅠ 그러고나서 면세점 가는데 체력방전돼서 버스에서 디비 잤다. 아니 입이 자꾸 벌어지는게 느껴지는거임.. 계속 의식하느라 편하게는 못잣다ㅠ 하 그리고 머 왓다갓다하다가 밥묵으러갔는데 오코노미야끼먹으러갓거든??? 줄이거의머 중간끝난후 아틀란티스 급으로 밖에까지 서있었는데 그럴만했다.. 진짜졸래맛있어서놀람 언젠가 오코노미야끼 먹고 실망했는데 그때 실망하길 잘했음 ㄹㅇㅠㅠㅠㅜ 신세계 경험하고 옴.. 편의점들럿다 숙소와서 쟈123지푸딩 먹어봤는디 왜때문에 다들 맛있다하는지 이해가지 않앗다.. 결국 곤약젤리폭풍흡입하고 지금 잘준비함ㅠㅜ 나이제잔당빠이ㅣ",오사카여행 1일차 새벽 3시 반에 일어나서 나갈준비함 전날 8시에 자서 일어나고 공항 가는동안 그렇게 피곤하진 않았음 늘 그렇지만 새벽에 드문드문 가로등빛 보이는 공항가는길이 좋았다 탑승 시작하기 전에 해뜨더니 피곤해져서 비행 내내 잤다 어차피 통로자리였어서 내리고 바로 밥묵으러갔당 전골집이었는데 샤브샤브상위호환임완젘 새우도나오고 고기도있고 생선도있고 념념 후식으로 무야그거 녹차모찌가 나왔는데 먹는데 이시려디질뻨 여튼 샤브샤브는 맛있었다 날씨도 겁내좋아서 다시 내생일즈음에 돌아온것 같은 느낌이었다 바로 신사같은곳에 갔는데 맑은물이 흐르는 신사라더라 그래서인지 산중턱에 있어서 올라가는데 꽤 힘들었다 그만큼 경치도 좋아서 올라갈 가치는 있었던 것 같다 다음에 오면 소원도 빌어보고 싶다 아그리고내려가는길에 스누피바닐라아이스크림이랑 만쥬 먹었는데 존맛탱이었음 다음으로는 대나무숲을 갔는데 이때부터 날씨가 흐려서 좀 음산한 감이 있었다 그래도 칠판그린만 보고 살았더니 나무그린색 보는것만으로도 충분히 힐링이엇다 여기서는 무슨 사쿠라 아이스크림을 팔았는데 뭔가 맛이 신기함 앙금 에다가 모찌 위에 그 하얀 가루 섞은 느낌이엇다 맛도 맛인데 녹기도 존내빨리녹아서 허겁지겁먹음 그러고나서 면세점 가는데 체력방전돼서 버스에서 디비 잤다 아니 입이 자꾸 벌어지는게 느껴지는거임 계속 의식하느라 편하게는 못잣다 하 그리고 머 왓다갓다하다가 밥묵으러갔는데 오코노미야끼먹으러갓거든 줄이거의머 중간끝난후 아틀란티스 급으로 밖에까지 서있었는데 그럴만했다 진짜졸래맛있어서놀람 언젠가 오코노미야끼 먹고 실망했는데 그때 실망하길 잘했음 신세계 경험하고 옴 편의점들럿다 숙소와서 쟈123지푸딩 먹어봤는디 왜때문에 다들 맛있다하는지 이해가지 않앗다 결국 곤약젤리폭풍흡입하고 지금 잘준비함 나이제잔당빠이,오사카 여행 1일차 새벽 3시 반에 일어나서 나갈 준비함 전날 8시에 자서 일어나고 공항 가는 동안 그렇게 피곤하진 않았음 늘 그렇지만 새벽에 드문드문 가로등 빛 보이는 공항 가는 길이 좋았다 탑승 시작하기 전에 해 뜨더니 피곤해져서 비행 내내 잤다 어차피 통로 자리였어서 내리고 바로 밥 묵으러 갔다 전골집이었는데 샤브샤브상위호환임완젘 새우도 나오고 고기도 있고 생선도 있고 염념 후식으로 무야 그거 녹차 찹쌀떡이 나왔는데 먹는데 이시려디질뻨 여하튼 샤부샤부는 맛있었다 날씨도 겁내좋아서 다시 내 생일 즈음에 돌아온 것 같은 느낌이었다 바로 신사 같은 곳에 갔는데 맑은 물이 흐르는 신사라더라 그래서인지 산 중턱에 있어서 올라가는데 꽤 힘들었다 그만큼 경치도 좋아서 올라갈 가치는 있었던 것 같다 다음에 오면 소원도 빌어보고 싶다 아 그리고 내려가는 길에 스누피 바닐라 아이스크림이랑 만주 먹었는데 존맛탱이었음 다음으로는 대나무숲을 갔는데 이때부터 날씨가 흐려서 좀 음산한 감이 있었다 그래도 칠판 그린 만 보고 살았더니 나무 그린 색 보는 것만으로도 충분히 힐링이었다 여기서는 무슨 사쿠라 아이스크림을 팔았는데 뭔가 맛이 신기함 앙금 에다가 찹쌀떡 위에 그 하얀 가루 섞은 느낌이었다 맛도 맛인데 녹기도 존내빨리녹아서 허겁지겁 먹음 그러고 나서 면세점 가는데 체력 방전돼서 버스에서 디비 잤다 아니 입이 자꾸 벌어지는 게 느껴지는 거임 계속 의식하느라 편하게는 못 잤다 하 그리고 머 왔다 갔다 하다가 밥 묵으러 갔는데 오코노미야키 먹으러 갔거든 줄이 거의 머 중간 끝난 후 아틀란티스 급으로 밖에까지 서있었는데 그럴만했다 진짜 졸라 맛있어서 놀람 언젠가 오코노미야키 먹고 실망했는데 그때 실망하길 잘했음 신세계 경험하고 옴 편의점 들렀다 숙소 와서 쟈123지푸딩 먹어봤는데 왜 때문에 다들 맛있다 하는지 이해 가지 않았다 결국 곤약 젤리 폭풍 흡입하고 지금 잘 준비함 나 이제 잔당 빠이,"오사카,여행,새벽,전날,공항,새벽,가로등,빛,공항,길,탑승,비행,통로,자리,밥,전골집,샤브샤브,,상위호환,새우,고기,생선,후식,녹차모찌,샤브샤브,날씨,생일,신사,신사,물,산중턱,경치,가치,다음,소원,길,스누피,바닐라,아이스크림,만쥬,대나무숲,날씨,감,칠판,그린,나무,그린,색,힐링,사쿠라,아이스크림,맛,앙금,찹쌀떡,가루,느낌,맛,맛,면세점,체력,버스,입,의식,밥,오코노미야끼,아틀란티스,오코노미야끼,실망,실망,신세계,경험,편의점,숙소,푸딩,이해,곤약,젤리,폭풍,흡입",,,
38,소고기,annoyed,토요일에 보민이 집에서 소고기 육전을 만들고 그리고 또 썰고 잡채도 만들어서 먹고 그리고 약과도 먹고 호박 식혜도 먹었다 그리고 다음날에 일어나서 소고기를 구워 먹었다 늦잠을 자서 주었다 하지만 그래도 피곤했다 그리고 나서는 영어를 갔는데 키워 나는 영어를 먹고 별로 재미는 없었다 그 후에는 라면을 먹었다 나면은 내가 끊었는데 애들이 잘 풀린다고 해서 의아 했던 그냥 기분 좋으라고 한 마리 했지였고 방두개도를 먹었다 together를 10년 만에 먹는 거 같다 친구들과 추석을 함께 보내서 기분이 좋았다 오늘은 월요일인데 아닌가 금요일인가 토요일인가 모르겠다 아무튼 추석 연휴중에 하루 출근을 했다 오늘은 기분이 별로 좋지 않다 연습을 어제 새벽 두시까지 하느라 잠을 3시 새벽 3시 반에 자서 잠도 부족 했고 컨디션도 별로 좋지 않았고작업은 아쉽게 되었고 그래서 지금도 나눠서 연습하고 있다 짜증난다,토요일에 보민이 집에서 소고기 육전을 만들고 그리고 또 썰고 잡채도 만들어서 먹고 그리고 약과도 먹고 호박 식혜도 먹었다 그리고 다음날에 일어나서 소고기를 구워 먹었다 늦잠을 자서 주었다 하지만 그래도 피곤했다 그리고 나서는 영어를 갔는데 키워 나는 영어를 먹고 별로 재미는 없었다 그 후에는 라면을 먹었다 나면은 내가 끊었는데 애들이 잘 풀린다고 해서 의아 했던 그냥 기분 좋으라고 한 마리 했지였고 방두개도를 먹었다 together를 10년 만에 먹는 거 같다 친구들과 추석을 함께 보내서 기분이 좋았다 오늘은 월요일인데 아닌가 금요일인가 토요일인가 모르겠다 아무튼 추석 연휴중에 하루 출근을 했다 오늘은 기분이 별로 좋지 않다 연습을 어제 새벽 두시까지 하느라 잠을 3시 새벽 3시 반에 자서 잠도 부족 했고 컨디션도 별로 좋지 않았고작업은 아쉽게 되었고 그래서 지금도 나눠서 연습하고 있다 짜증난다,토요일에 보민이 집에서 소고기 육전을 만들고 그리고 또 썰고 잡채도 만들어서 먹고 그리고 약과도 먹고 호박 식혜도 먹었다 그리고 다음날에 일어나서 소고기를 구워 먹었다 늦잠을 자서 주었다 하지만 그래도 피곤했다 그리고 나서는 영어를 갔는데 키워 나는 영어를 먹고 별로 재미는 없었다 그 후에는 라면을 먹었다 나면은 내가 끊었는데 애들이 잘 풀린다고 해서 의아했던 그냥 기분 좋으라고 한 마리 했기였고 방 두 개도를 먹었다 together를 10년 만에 먹는 거 같다 친구들과 추석을 함께 보내서 기분이 좋았다 오늘은 월요일인데 아닌가 금요일인가 토요일인가 모르겠다 아무튼 추석 연휴 중에 하루 출근을 했다 오늘은 기분이 별로 좋지 않다 연습을 어제 새벽 두시까지 하느라 잠을 3시 새벽 3시 반에 자서 잠도 부족했고 컨디션도 별로 좋지 않았고 작업은 아쉽게 되었고 그래서 지금도 나눠서 연습하고 있다 짜증 난다,"토요일,보민이,집,소고기,육전,잡채,약과,호박,식혜,다음날,소고기,늦잠,영어,영어,재미,라면,라면,기분,together,친구,추석,기분,오늘,월요일,금요일,토요일,추석,연휴,하루,출근,오늘,기분,연습,어제,새벽,잠,새벽,잠,컨디션,작업,지금,연습",,,
39,정말 전화,scared,살려달라고 전화를 걸었다… 괜한 짓을 했다. 죽고 싶다. 아니… 이러다 정말 죽을지도 모른다.,살려달라고 전화를 걸었다 괜한 짓을 했다 죽고 싶다 아니 이러다 정말 죽을지도 모른다,살려달라고 전화를 걸었다 괜한 짓을 했다 죽고 싶다 아니 이러다 정말 죽을지도 모른다,"전화,짓",,,
40,유건민..?,nervous,아니 채유라.. 9월에 하나도 안 쓴거 맞냐고.. ㅁㅊ겠네 습관 만든다더니.. 꽉 찬거 보고싶다더니.. 오늘은 오랜만에 좀 약간 심경의 변화?가 있어서.. 갑자기 모모리를 쓰고 있다. 유건민 이제 나 진짜로 안 좋아하고 마음 접은 듯? 장종우였나 이동환이었나 특징 5개 스토리에 막 오랜시간 어쩌고 마음을 접은? ㅎㅇㅌ.. 이런식으로 되어 있는걸 봤다. 전에 애들이 날 좋아하는 애가 더이상 날 안좋아하는거에 서운함을 느끼거나 기분 나빠하는게 이해가 잘 안된다고 했던 기억이 있다. 그 때 지율이가 나중에 나한테 자기는 이해 된다고 기분 별로일 수 있는거 아니냐고 한게 생각난다. 난 이때까지 거의 항상 날 좋아하던 사람이 이젠 더 이상 날 좋아하지 않는다고 하면 마음이 이상했다. 날 좋아하던 당시에는 막 짜증도 나고 귀찮기도 하고 그랬는데. 내가 너무 이기적인가? 유건민은 거의 1년을 지속했으니까 내 마음이 더 싱숭생숭한건가. 요즘 더 느끼는 건데 내가 연애 경험이 지금 없다 보니까 좋아하는 감정이 뭔지 헷갈려 하는거 같기도 하다. 작년 말에 고한결 소개받았을 때도 솔직히 설레는 기분을 느꼈다고 생각한다. 그런데도 좋아하는건 아니라고 스스로 생각을 했는데 그냥 내가 누군갈 좋아한다는 사실을 인정하기 싫어하는건가 생각이 든다. 근데 또 아닌거도 같은게 뭐 김동현이나 정이든 김유찬 송도완 이런 애들이 이젠 나 안좋아 한다고 했을 때는 좀 서운?하고 싱숭생숭하긴 했지만 이번이 유독 심한가..?싶다. 근데 지금 가을이라서 그런 걸수도 있긴 해..ㅋㅋㅋㅋㅋㅋㅋ 나 매년 가을 탔던 거 같아. 진짜 내가 유건민을 좋아했다고? 믿기지 않아..모르겠다.. 솔직하게 말하자면 유건민이 평범한? 외모라고 해야하나. 그렇게 못생기진 않았는데 그렇다고 막 잘난 얼굴은 아닌.. 갑자기 외모평가 하는 기분이라 좀 미안한데 어쨌든 내가 자존감도 낮고 자신감이 많이 떨어져 있어서 이런 외모나 친구가 많은지 이런 부분에 신경을 많이 쓰고 예민하게 구는 듯.. 작년에 김민우가 유건민이 나 좋아한다는 얘기 듣고 나한테 비아냥대는 말투로 잘 어울리네 그 누구도 아깝지 않고. 이렇게 힘주면서 말하는거임 기분이 나빴지.. 또 걔가 나 좋아한지 얼마 안되었을 때 최연우가 나보고 걔가 너같은 애를 왜 좋아하지. 라고했음 진짜 과장 하나도 안하고 이대로. 그때 당시엔 진짜 상처 받았는데 요즘은 잊고 지내고 있었거든? 근데 얼마 전에 지율이가 이 얘기를 하는 거임 그래서 다시 요즘 이걸 자주 생각하는데 나도 잘 모르겠다. 1학년 때인가 나 전학오기 전에 이준영같이 이쁜애가 들이대서 사귀었는데 나를 왜? 외모 잘난 곳 없고 전학와서 친구도 그렇게 많지 않고 평범한 애를 왜 좋아할까 아무리 생각해도 모르겠는 거야 그래서 최연우가 나한테 작년 그때처럼 말한다면 그러게 나도 걔가 나같은 애를 왜 좋아하는지 모르겠어. 라고 말하는 상상을 해.. 뭔가 너무 비참한데?..ㅋㅋㅋㅋㅋㅋㅋ 나도 내 마음을 잘 모르겠지만 유건민이 날 계속 좋아해줬으면 좋겠어. 내 낮은 자존감을 위해서라도 세상에서 제일 예쁜!! 사람이 되도록.. 누가봐도 완벽한!!공부도 잘하고 성격도 좋고 매력적인 사람이 될거야. 이번엔 내 결심 잊지 않고 꼭 멋있는 여성이 되자..ㅎㅎ 원래도 결심을 잊진 않았지만! 갑자기 말투 왜이래 쿨찐임?.. 아 내 마음 같은건 잘 모르겠고 난 걔가 계속 날 좋아해주길 바라 참고로 이번 업데이트 맘에 안들어 그거 때문인진 모르겠는데 장문 쓰는게 너무 불편함.. 오타 많을 거 같은데 글이 길어서 검수는 못해 ㅎㅎㅎ..!,아니 채유라 9월에 하나도 안 쓴거 맞냐고 겠네 습관 만든다더니 꽉 찬거 보고싶다더니 오늘은 오랜만에 좀 약간 심경의 변화가 있어서 갑자기 모모리를 쓰고 있다 유건민 이제 나 진짜로 안 좋아하고 마음 접은 듯 장종우였나 이동환이었나 특징 5개 스토리에 막 오랜시간 어쩌고 마음을 접은 이런식으로 되어 있는걸 봤다 전에 애들이 날 좋아하는 애가 더이상 날 안좋아하는거에 서운함을 느끼거나 기분 나빠하는게 이해가 잘 안된다고 했던 기억이 있다 그 때 지율이가 나중에 나한테 자기는 이해 된다고 기분 별로일 수 있는거 아니냐고 한게 생각난다 난 이때까지 거의 항상 날 좋아하던 사람이 이젠 더 이상 날 좋아하지 않는다고 하면 마음이 이상했다 날 좋아하던 당시에는 막 짜증도 나고 귀찮기도 하고 그랬는데 내가 너무 이기적인가 유건민은 거의 1년을 지속했으니까 내 마음이 더 싱숭생숭한건가 요즘 더 느끼는 건데 내가 연애 경험이 지금 없다 보니까 좋아하는 감정이 뭔지 헷갈려 하는거 같기도 하다 작년 말에 고한결 소개받았을 때도 솔직히 설레는 기분을 느꼈다고 생각한다 그런데도 좋아하는건 아니라고 스스로 생각을 했는데 그냥 내가 누군갈 좋아한다는 사실을 인정하기 싫어하는건가 생각이 든다 근데 또 아닌거도 같은게 뭐 김동현이나 정이든 김유찬 송도완 이런 애들이 이젠 나 안좋아 한다고 했을 때는 좀 서운하고 싱숭생숭하긴 했지만 이번이 유독 심한가싶다 근데 지금 가을이라서 그런 걸수도 있긴 해 나 매년 가을 탔던 거 같아 진짜 내가 유건민을 좋아했다고 믿기지 않아모르겠다 솔직하게 말하자면 유건민이 평범한 외모라고 해야하나 그렇게 못생기진 않았는데 그렇다고 막 잘난 얼굴은 아닌 갑자기 외모평가 하는 기분이라 좀 미안한데 어쨌든 내가 자존감도 낮고 자신감이 많이 떨어져 있어서 이런 외모나 친구가 많은지 이런 부분에 신경을 많이 쓰고 예민하게 구는 듯 작년에 김민우가 유건민이 나 좋아한다는 얘기 듣고 나한테 비아냥대는 말투로 잘 어울리네 그 누구도 아깝지 않고 이렇게 힘주면서 말하는거임 기분이 나빴지 또 걔가 나 좋아한지 얼마 안되었을 때 최연우가 나보고 걔가 너같은 애를 왜 좋아하지 라고했음 진짜 과장 하나도 안하고 이대로 그때 당시엔 진짜 상처 받았는데 요즘은 잊고 지내고 있었거든 근데 얼마 전에 지율이가 이 얘기를 하는 거임 그래서 다시 요즘 이걸 자주 생각하는데 나도 잘 모르겠다 1학년 때인가 나 전학오기 전에 이준영같이 이쁜애가 들이대서 사귀었는데 나를 왜 외모 잘난 곳 없고 전학와서 친구도 그렇게 많지 않고 평범한 애를 왜 좋아할까 아무리 생각해도 모르겠는 거야 그래서 최연우가 나한테 작년 그때처럼 말한다면 그러게 나도 걔가 나같은 애를 왜 좋아하는지 모르겠어 라고 말하는 상상을 해 뭔가 너무 비참한데 나도 내 마음을 잘 모르겠지만 유건민이 날 계속 좋아해줬으면 좋겠어 내 낮은 자존감을 위해서라도 세상에서 제일 예쁜 사람이 되도록 누가봐도 완벽한공부도 잘하고 성격도 좋고 매력적인 사람이 될거야 이번엔 내 결심 잊지 않고 꼭 멋있는 여성이 되자 원래도 결심을 잊진 않았지만 갑자기 말투 왜이래 쿨찐임 아 내 마음 같은건 잘 모르겠고 난 걔가 계속 날 좋아해주길 바라 참고로 이번 업데이트 맘에 안들어 그거 때문인진 모르겠는데 장문 쓰는게 너무 불편함 오타 많을 거 같은데 글이 길어서 검수는 못해,아니 채유라 9월에 하나도 안 쓴 거 맞냐고 나겠네 습관 만든다더니 꽉 찬 거 보고 싶다더니 오늘은 오랜만에 좀 약간 심경의 변화가 있어서 갑자기 모 모리를 쓰고 있다 유건민 이제 나 진짜로 안 좋아하고 마음 접은 듯 장조 아우였나 이동환이었나 특징 5개 스토리에 막 오랜 시간 어쩌고 마음을 접은 이런 식으로 되어 있는 걸 봤다 전에 애들이 날 좋아하는 애가 더 이상 날 안 좋아하는 거에 서운함을 느끼거나 기분 나빠하는 게 이해가 잘 안된다고 했던 기억이 있다 그때 지율이가 나중에 나한테 자기는 이해된다고 기분 별로일 수 있는 거 아니냐고 한 게 생각난다 난 이때까지 거의 항상 날 좋아하던 사람이 이젠 더 이상 날 좋아하지 않는다고 하면 마음이 이상했다 날 좋아하던 당시에는 막 짜증도 나고 귀찮기도 하고 그랬는데 내가 너무 이기적인가 유건만은 거의 1년을 지속했으니까 내 마음이 더 싱숭생숭한 건가 요즘 더 느끼는 건데 내가 연애 경험이 지금 없다 보니까 좋아하는 감정이 뭔지 헷갈려 하는 거 같기도 하다 작년 말에 고한 결 소개받았을 때도 솔직히 설레는 기분을 느꼈다고 생각한다 그런데도 좋아하는 건 아니라고 스스로 생각을 했는데 그냥 내가 누군갈 좋아한다는 사실을 인정하기 싫어하는 건가 생각이 든다 근데 또 아닌 거도 같은 게 뭐 김동현이나 점이든 김유찬 송도 완 이런 애들이 이젠 나 안 좋아한다고 했을 때는 좀 서운하고 싱숭생숭 하긴 했지만 이번이 유독 심한가 싶다 근데 지금 가을이라서 그런 걸 수도 있긴 해 나 매년 가을 탔던 거 같아 진짜 내가 유건만을 좋아했다고 믿기지 않아 모르겠다 솔직하게 말하자면 이건 민이 평범한 외모라고 해야 하나 그렇게 못생기진 않았는데 그렇다고 막 잘난 얼굴은 아닌 갑자기 외모 평가하는 기분이라 좀 미안한데 어쨌든 내가 자존감도 낮고 자신감이 많이 떨어져 있어서 이런 외모나 친구가 많은지 이런 부분에 신경을 많이 쓰고 예민하게 구는 듯 작년에 김민우가 이건 민이 나 좋아한다는 얘기 듣고 나한테 비아냥대는 말투로 잘 어울리네 그 누구도 아깝지 않고 이렇게 힘주면서 말하는 거임 기분이 나빴지 또 걔가 나 좋아한 지 얼마 안 되었을 때 최연우가 나보고 걔가 너 같은 애를 왜 좋아하지 라고 했음 진짜 과장 하나도 안 하고 이대로 그때 당시엔 진짜 상처받았는데 요즘은 잊고 지내고 있었거든 근데 얼마 전에 지율이가 이 얘기를 하는 거임 그래서 다시 요즘 이걸 자주 생각하는데 나도 잘 모르겠다 1학년 때인가 나 전학 오기 전에 이준영같이 이쁜 애가 들이대서 사귀었는데 나를 왜 외모 잘난 곳 없고 전학 와서 친구도 그렇게 많지 않고 평범한 애를 왜 좋아할까 아무리 생각해도 모르겠는 거야 그래서 최연우가 나한테 작년 그때처럼 말한다면 그러게 나도 걔가 나 같은 애를 왜 좋아하는지 모르겠어라고 말하는 상상을 해 뭔가 너무 비참한데 나도 내 마음을 잘 모르겠지만 이건 민이 날 계속 좋아해 줬으면 좋겠어 내 낮은 자존감을 위해서라도 세상에서 제일 예쁜 사람이 되도록 누가 봐도 완벽한 공부도 잘하고 성격도 좋고 매력적인 사람이 될 거야 이번엔 내 결심 잊지 않고 꼭 멋있는 여성이 되자 원래도 결심을 잊진 않았지만 갑자기 말투 왜 이래 쿨찐임 아 내 마음 같은 건 잘 모르겠고 난 걔가 계속 날 좋아해 주길 바라 참고로 이번 업데이트 맘에 안 들어 그거 때문인진 모르겠는데 장문 쓰는 게 너무 불편함 오타 많을 거 같은데 글이 길어서 검수는 못해,"채유라,습관,오늘,오랜만,심경,변화,모모리,유건민,마음,장종우,이동환,특징,스토리,시간,마음,서운함,기분,이해,기억,지율이,기분,사람,마음,당시,유건민,지속,마음,싱숭생숭,요즘,연애,경험,지금,감정,작년,고한결,기분,생각,사실,인정,생각,김동현,정이든,김유찬,송도완,서운,싱숭생숭,가을,가을,유건민,유건민,외모,얼굴,외모평가,기분,자존감,자신감,외모,친구,부분,신경,작년,김민우,유건민,말투,최연우,과장,당시,상처,요즘,지율이,전학,이준영,외모,전학,친구,최연우,작년,그때,상상,마음,유건민,자존감,사람,세상,ㅇ공부,성격,사람,결심,여성,결심,말투,쿨찐,마음,참고,업데이트,장문,오타,글,검수",,,
41,오빠들,nervous,오늘 체육대회 개재밋엇다 전담몰래피는데 영인이오빠랑 여준이오빠랑 눈마주쳣다..못봤겟지.........ㅈㅂ.......,오늘 체육대회 개재밋엇다 전담몰래피는데 영인이오빠랑 여준이오빠랑 눈마주쳣다못봤겟지,오늘 체육대회 개 재밌었다 전담 몰래 피는데 영인이오빠랑 여준이오빠랑 눈 마주쳤다 못 봤겠지,"오늘,체육대회,전담,영인이오빠,여준이오빠,눈",,,
42,축구함,fun,아빠랑 축구함,아빠랑 축구함,아빠랑 축구함,"아빠,축구",,,
43,"고죠, 게토",sad,아니 존나 슬퍼 인사이드 조크 고죠랑 게토가 특히 고죠 등 뒤로 돌리는거 맨날 눈물나와.. 하 아마나이가 얘기안하고 갔다면 달라졌을까,아니 존나 슬퍼 인사이드 조크 고죠랑 게토가 특히 고죠 등 뒤로 돌리는거 맨날 눈물나와 하 아마나이가 얘기안하고 갔다면 달라졌을까,아니 존나 슬퍼 인사이드 조크 고죠랑 게토가 특히 고죠 등 뒤로 돌리는 거 맨날 눈물 나와 하 아마나이가 얘기 안 하고 갔다면 달라졌을까,"인사이드,조크,고죠,게토,고죠,눈물,아마나이,얘기",,,
44,시인,nervous,보름달 보면서 너만 생각했는데 이루어진건지 오늘 너 만났어 키 작다며 중얼거리는 너보다 노는 애들 앞에서 작아지며 도망가는 회피하는 너가 너무 못나보이더라 맞춤법이니 뭐니 진지한 얘기 하던 애가 갑자기 그러니까 더 합해지면서 너가 작아보이더라 나는 너를 그렇게 안봤는데 그치만 너는 아직도 나를 편하게 대해 조금 불편한 소리 했다고 나를 그렇게 보내버리는 너가 나는 너한테 부끄러워,보름달 보면서 너만 생각했는데 이루어진건지 오늘 너 만났어 키 작다며 중얼거리는 너보다 노는 애들 앞에서 작아지며 도망가는 회피하는 너가 너무 못나보이더라 맞춤법이니 뭐니 진지한 얘기 하던 애가 갑자기 그러니까 더 합해지면서 너가 작아보이더라 나는 너를 그렇게 안봤는데 그치만 너는 아직도 나를 편하게 대해 조금 불편한 소리 했다고 나를 그렇게 보내버리는 너가 나는 너한테 부끄러워,보름달 보면서 너만 생각했는데 이루어진 건지 오늘 너 만났어 키 작다며 중얼거리는 너보다 노는 애들 앞에서 작아지며 도망가는 회피하는 네가 너무 못나 보이더라 맞춤법이니 뭐니 진지한 얘기 하던 애가 갑자기 그러니까 더 합해지면서 네가 작아 보이더라 나는 너를 그렇게 안 봤는데 그렇지만 너는 아직도 나를 편하게 대해 조금 불편한 소리 했다고 나를 그렇게 보내버리는 네가 나는 너한테 부끄러워,"보름달,오늘,키,애들,도망,회피,맞춤법,소리,",,,
45,다효니,nervous,집에다효니온다,집에다효니온다,집에 다효니 온다,"집,다효니",,,
46,엄마 스즈메전,sad,엄마가 스즈메전을 안간다고 함,엄마가 스즈메전을 안간다고 함,엄마가 스즈메전을 안 간다고 함,"엄마,스즈메전",,,
47,프세카,fun,시험 끝나고 6일간의 추석 연휴!!! 현재 3일간 프세카 스토리만 보고있습니다~! 너무 즐거워요!!!,시험 끝나고 6일간의 추석 연휴 현재 3일간 프세카 스토리만 보고있습니다 너무 즐거워요,시험 끝나고 6일간의 추석 연휴 현재 3일간 프세카 스토리만 보고 있습니다 너무 즐거워요,"시험,추석,연휴,현재,프세카,스토리",,,
48,탕후루 마라탕,happy,오늘 탕후루도 먹고 마라탕도 먹고 남친이 귀엽다고 톡해줘서 너무 좋았다!,오늘 탕후루도 먹고 마라탕도 먹고 남친이 귀엽다고 톡해줘서 너무 좋았다,오늘 탕후루도 먹고 마라탕도 먹고 남친이 귀엽다고 톡 해줘서 너무 좋았다,"오늘,탕후루,마라탕,남친,톡",남친 -> 남자친구,,
49,"빙수, 설빙",happy,오늘 빙수 먹었당! 이번 추석 목표 다 채움ㅋㅋㅋ 돈키호테 개꿀잼ㅎㅎ 산초 머리 엄청 좋아 역시 연휴가 최고여~ 빙수가 설빙이 아닌거가 쪼금 아쉽긴 한데 목표는 빙수 먹는거로 끝이니깐 암튼 행복함!,오늘 빙수 먹었당 이번 추석 목표 다 채움 돈키호테 개꿀잼 산초 머리 엄청 좋아 역시 연휴가 최고여 빙수가 설빙이 아닌거가 쪼금 아쉽긴 한데 목표는 빙수 먹는거로 끝이니깐 암튼 행복함,오늘 빙수 먹었다 이번 추석 목표 다 채움 돈키호테 개꿀잼 산초 머리 엄청 좋아 역시 연휴가 최고여 빙수가 설빙이 아닌 거가 쪼금 아쉽긴 한데 목표는 빙수 먹는 거로 끝이니깐 암튼 행복함,"오늘,빙수,추석,목표,돈키호테,개꿀잼,산초,머리,연휴,빙수,설빙,목표,빙수,끝,행복",,,
50,"학생회, 정법, 여름쌤, 현숙쌤",fun,수능이 끝난 기념으로 고2 끄트머리~고3 생활에 대해 남겨보려구요 제 고3이 어땠는지 얼마나 고달팠는지 남기고 싶고 혹시 모를 상황을 대비해서 제가한 공부 기록도 써놓고 싶어요. 블로그는 처음이라 떨랴요 고2가 끝나갈 무렵에는 엄청 바빴던 기억이 나요. 독연 공연 준비하랴 사파리 준비하랴 거의 교실보다 학생회실에 더 자주 있었던거 같은? 그치만 그 시간들이 다 너무 소중해요 학생회는 저에게 애증의 무언가인거 같아요 힘들고 맘고생도 많이 했지만 그만큼 거기서 얻은 경험과 여러 인연들 덕분에 버틸 수 있었던거 아닐까요..🥺 특히 하원이랑 지민이!! 너무 고생 많았는데 부족한 나를 이끌어줘서 고맙다고 하고 싶었어요 그렇게 고2를 마무리하고.. 저는 k고삼이 됩니다 사실 저는 성격상 진득하게 뭐하나를 하지 못하는 애에요 그래서 시험기간에도 과목을 자주 바꿔가면서 공부했단 말이죠 근데 수능은 장기전이고 엉덩이싸움이란 말을 많이 들었기 때문에 겨울방학은 무조건 많이 진득하게 공부하자는게 제 목표였어요 그리고 2학년 때 했던 생윤을 계속 끌고 갈 자신이 없더라구요 빠르게 정법을 택했습니당 이건 수능이 끝난 지금까지도 정말 잘 한 선택 중에 하나라고 생각해요 잠깐 정법 영업?을 하자면 윤리 과목처럼 이게 이건가? 저건가? 하는 헷갈림이 없고 사문처럼 도표가 와다다 있는것도 아니라서 처음에 개념 배울 때 시간이 조금 많이 드는 것만 빼면 표점도 높고 재밌고 장점 가득인 과목이에요! 정법 할거면 대성 여름쌤 추천드려요 여름쌤 짱조음 조교 신청하고 면접보러 갈거임 그래서 길고 긴 겨울방학을 끝내고 드디어 3학년 개학을 합니다 그리고 존경하는 현숙쌤을 만났어요. 현숙쌤은 진짜 좋으신 분입니다. 현숙쌤을 보면서 처음으로 고등학교 교사를 하고 싶다는 생각이 들 정도로 저희에게 진심인 쌤이세요.. 현숙쌤 사랑해요🤍 그리고 약 한 달 후에 3모를 봤어요. 여기저기에서 3모가 정말 중요하다 3모가 수능 성적이다 이런 얘기를 들어서 잔뜩 긴장해서 봤고 특히 담임선생님이 보시는 제 첫 성적이라는게 가장 크게 다가왔던거 같아요. 그래서 최선을 다해 3모를 보고 수학을 제외하고는 나름 만족스러운 성적을 받습니다 그 후로 6모 전까지는 딱히 뭐가 없었어요 제 생일이랑 졸사 찍은거 정도? 그리고 대망의 6모를 봅니다!! 첫 평가원 모고라서 정말 잘 보고 싶었고 고3의 반 정도가 지난 시점에서 제 실력을 테스트하는거라서 진짜 잘 나왔으면 했지만.. 결과는.. 폭망합니다.. 3모 4모 6모 중에 가장 못봤어요 그 후 모고 성적까지 포함해서 6모를 가장 못봤더라구요 그때는 집가서 펑펑 울고 난 안되는걸까..하면서 좌절감이 들더라구요 하지만 그래봤자 되는건 없고!!! 걍 혼자 영화 한편 때리고 다시 공부를 하러 갑니다,수능이 끝난 기념으로 고2 끄트머리고3 생활에 대해 남겨보려구요 제 고3이 어땠는지 얼마나 고달팠는지 남기고 싶고 혹시 모를 상황을 대비해서 제가한 공부 기록도 써놓고 싶어요 블로그는 처음이라 떨랴요 고2가 끝나갈 무렵에는 엄청 바빴던 기억이 나요 독연 공연 준비하랴 사파리 준비하랴 거의 교실보다 학생회실에 더 자주 있었던거 같은 그치만 그 시간들이 다 너무 소중해요 학생회는 저에게 애증의 무언가인거 같아요 힘들고 맘고생도 많이 했지만 그만큼 거기서 얻은 경험과 여러 인연들 덕분에 버틸 수 있었던거 아닐까요 특히 하원이랑 지민이 너무 고생 많았는데 부족한 나를 이끌어줘서 고맙다고 하고 싶었어요 그렇게 고2를 마무리하고 저는 k고삼이 됩니다 사실 저는 성격상 진득하게 뭐하나를 하지 못하는 애에요 그래서 시험기간에도 과목을 자주 바꿔가면서 공부했단 말이죠 근데 수능은 장기전이고 엉덩이싸움이란 말을 많이 들었기 때문에 겨울방학은 무조건 많이 진득하게 공부하자는게 제 목표였어요 그리고 2학년 때 했던 생윤을 계속 끌고 갈 자신이 없더라구요 빠르게 정법을 택했습니당 이건 수능이 끝난 지금까지도 정말 잘 한 선택 중에 하나라고 생각해요 잠깐 정법 영업을 하자면 윤리 과목처럼 이게 이건가 저건가 하는 헷갈림이 없고 사문처럼 도표가 와다다 있는것도 아니라서 처음에 개념 배울 때 시간이 조금 많이 드는 것만 빼면 표점도 높고 재밌고 장점 가득인 과목이에요 정법 할거면 대성 여름쌤 추천드려요 여름쌤 짱조음 조교 신청하고 면접보러 갈거임 그래서 길고 긴 겨울방학을 끝내고 드디어 3학년 개학을 합니다 그리고 존경하는 현숙쌤을 만났어요 현숙쌤은 진짜 좋으신 분입니다 현숙쌤을 보면서 처음으로 고등학교 교사를 하고 싶다는 생각이 들 정도로 저희에게 진심인 쌤이세요 현숙쌤 사랑해요 그리고 약 한 달 후에 3모를 봤어요 여기저기에서 3모가 정말 중요하다 3모가 수능 성적이다 이런 얘기를 들어서 잔뜩 긴장해서 봤고 특히 담임선생님이 보시는 제 첫 성적이라는게 가장 크게 다가왔던거 같아요 그래서 최선을 다해 3모를 보고 수학을 제외하고는 나름 만족스러운 성적을 받습니다 그 후로 6모 전까지는 딱히 뭐가 없었어요 제 생일이랑 졸사 찍은거 정도 그리고 대망의 6모를 봅니다 첫 평가원 모고라서 정말 잘 보고 싶었고 고3의 반 정도가 지난 시점에서 제 실력을 테스트하는거라서 진짜 잘 나왔으면 했지만 결과는 폭망합니다 3모 4모 6모 중에 가장 못봤어요 그 후 모고 성적까지 포함해서 6모를 가장 못봤더라구요 그때는 집가서 펑펑 울고 난 안되는걸까하면서 좌절감이 들더라구요 하지만 그래봤자 되는건 없고 걍 혼자 영화 한편 때리고 다시 공부를 하러 갑니다,수능이 끝난 기념으로 고2 끄트머리고 3 생활에 대해 남겨보려고요 제 고3이 어땠는지 얼마나 고달팠는지 남기고 싶고 혹시 모를 상황을 대비해서 제가 한 공부 기록도 써놓고 싶어요 블로그는 처음이라 떨랴요 고2가 끝나갈 무렵에는 엄청 바빴던 기억이 나요 독연 공연 준비하랴 사파리 준비하랴 거의 교실보다 학생회실에 더 자주 있었던 거 같은 그렇지만 그 시간들이 다 너무 소중해요 학생회는 저에게 애증의 무언가인 거 같아요 힘들고 맘고생도 많이 했지만 그만큼 거기서 얻은 경험과 여러 인연들 덕분에 버틸 수 있었던 거 아닐까요 특히 하원이랑 지민이 너무 고생 많았는데 부족한 나를 이끌어줘서 고맙다고 하고 싶었어요 그렇게 고2를 마무리하고 저는 k 고삼이 됩니다 사실 저는 성격상 진득하게 뭐 하나를 하지 못하는 애에요 그래서 시험 기간에도 과목을 자주 바꿔가면서 공부했단 말이죠 근데 수능은 장기전이고 엉덩이 싸움이란 말을 많이 들었기 때문에 겨울방학은 무조건 많이 진득하게 공부하자는 게 제 목표였어요 그리고 2학년 때 했던 생육을 계속 끌고 갈 자신이 없더라고요 빠르게 정법을 택했습니다 이건 수능이 끝난 지금까지도 정말 잘 한 선택 중에 하나라고 생각해요 잠깐 정법 영업을 하자면 윤리 과목처럼 이게 이건가 저건가 하는 헷갈림이 없고 사문처럼 도표가 와다 있는 것도 아니라서 처음에 개념 배울 때 시간이 조금 많이 드는 것만 빼면 표점도 높고 재밌고 장점 가득인 과목이에요 적법할 거면 대성 여름 선생님 추천드려요 여름 선생님 짱도 음 조교 신청하고 면접 보러 갈 거임 그래서 길고 긴 겨울방학을 끝내고 드디어 3학년 개학을 합니다 그리고 존경하는 현숙 선생님을 만났어요 현숙 선생님은 진짜 좋으신 분입니다 현숙 선생님을 보면서 처음으로 고등학교 교사를 하고 싶다는 생각이 들 정도로 저희에게 진심인 선생님이세요 현숙 선생님 사랑해요 그리고 약 한 달 후에 3 모를 봤어요 여기저기에서 3모가 정말 중요하다 3모가 수능 성적이다 이런 얘기를 들어서 잔뜩 긴장해서 봤고 특히 담임선생님이 보시는 제 첫 성적이라는 게 가장 크게 다가왔던 거 같아요 그래서 최선을 다해 3 모를 보고 수학을 제외하고는 나름 만족스러운 성적을 받습니다 그 후로 6모 전까지는 딱히 뭐가 없었어요 제 생일이랑 졸사 찍은 거 정도 그리고 대망의 6 모를 봅니다 첫 평가원 모고라서 정말 잘 보고 싶었고 고3의 반 정도가 지난 시점에서 제 실력을 테스트하는 거라서 진짜 잘 나왔으면 했지만 결과는 폭 명합니다 3모 4모 6모 중에 가장 못 봤어요 그 후 모고 성적까지 포함해서 6 모를 가장 못 봤더라고요 그때는 집 가서 펑펑 울고 난 안 되는 걸까 하면서 좌절감이 들더라고요 하지만 그래봤자 되는 건 없고 그냥 혼자 영화 한편 때리고 다시 공부를 하러 갑니다,"수능,기념,끄트머리,생활,상황,대비,공부,기록,블로그,처음,고2,고3,고3,고2,기억,독연,공연,사파리,준비,교실,학생회실,시간,학생회,애증,맘고생,경험,인연,하원이,지민이,고생,고2,고삼,성격,시험,기간,과목,공부,수능,장기전,엉덩이,싸움,말,겨울방학,공부,목표,생윤,자신,정법,수능,지금,선택,하나,정법,영업,윤리,과목,헷갈림,사문,도표,처음,개념,시간,표점,장점,가득,과목,정법,대성,여름쌤,여름쌤,짱,조교,신청,면접,겨울방학,3학년,개학,현숙쌤,현숙쌤,현숙쌤,처음,고등학교,교사,진심,선생님,현숙쌤,3모,3모,3모,수능,성적,긴장,담임선생님,성적,3모,수학,성적,6모,생일,6모,평가원,모고,고3,실력,테스트,결과,폭망,3모,4모,6모,모고,성적,포함,6모,집,좌절감,영화,공부",,,
51,자판 고장난 애….,excited,ㅊ 찌그러지나 이제 괭찮네 ㅛㅣ블 진짜 왜이러는거야ㅎㅎㅎ 하하하 미쳐5/&아아아아 극그극..,찌그러지나 이제 괭찮네 블 진짜 왜이러는거야 하 미쳐5아 극그극,"찌그러지나 이제 괭찮네 블 진짜 왜 이러는 거야 하 미쳐 5아 극이 그 극
",,,,
52,뭘 뽑나 궁금함,calm,10월 첫 기록. 벌써 10월이구나. 시간 참 빠르다. 올해 좋지 못한 일이든 좋은 일이든 얻고 가는 게 많은 한 해로 지나갔으면.,10월 첫 기록 벌써 10월이구나 시간 참 빠르다 올해 좋지 못한 일이든 좋은 일이든 얻고 가는 게 많은 한 해로 지나갔으면,10월 첫 기록 벌써 10월이구나 시간 참 빠르다 올해 좋지 못한 일이든 좋은 일이든 얻고 가는 게 많은 한 해로 지나갔으면,"10월,기록,10월,시간,올해",,,
53,안치현이!,nervous,하.. 계속 안치현이 보고싶네,하 계속 안치현이 보고싶네,하 계속 안치현이 보고 싶네,안치현,,,
54,덱스>안효섭,love,하.. 덱스.. 안효섭보다 좋아..,하 덱스 안효섭보다 좋아,하 덱스 안효섭보다 좋아,"덱스,안효섭",,,
55,"모모리 살려내기
 ->
 감정 판단",excited,아 모모리 완전 오랜만에 쓴다 모모리는 항상 뭔가 새로움 일이 있어야 쓰는 맛이 나는데 그냥 계속 똑같은 일상의 반복이니까 뭐 쓸 말이 없다. 요즘 너무 밀가루 많이 먹어서 좁쌀 여드름 많이 나고 ㅠㅠ 모기 새끼 한테 존나 많이 뜯김 걍 팅팅 부음 지금 그래도 눈두덩이나 발가락 안 문게 어디냐라고 생각하고 있다. 일단 내가 터트랴서 복수해줬으니까 괜찮아 ㅎㅎ 진짜진짜진짜 오랜만에 ㄱ푸우우욱~~~~~ 쉬니까 아침에 일어나도 눈 안붓고 너무 행복했다. 물론 오믈은 다시 출근했지만 ㅎㅎㅎ 내일은 공부 오지게 해여하지만 ㅎㅎㅎㅎ 금욜날 발레 보러가는거 너무 기대되는데 동아리 째고 가는거라.... 살짝 양심에 찔리지만 내일 과제 해가면 되니까....~~,아 모모리 완전 오랜만에 쓴다 모모리는 항상 뭔가 새로움 일이 있어야 쓰는 맛이 나는데 그냥 계속 똑같은 일상의 반복이니까 뭐 쓸 말이 없다 요즘 너무 밀가루 많이 먹어서 좁쌀 여드름 많이 나고 모기 새끼 한테 존나 많이 뜯김 걍 팅팅 부음 지금 그래도 눈두덩이나 발가락 안 문게 어디냐라고 생각하고 있다 일단 내가 터트랴서 복수해줬으니까 괜찮아 진짜진짜진짜 오랜만에 푸우우욱 쉬니까 아침에 일어나도 눈 안붓고 너무 행복했다 물론 오믈은 다시 출근했지만 내일은 공부 오지게 해여하지만 금욜날 발레 보러가는거 너무 기대되는데 동아리 째고 가는거라 살짝 양심에 찔리지만 내일 과제 해가면 되니까,아 모 모리 완전 오랜만에 쓴다 모 모리는 항상 뭔가 새로움 일이 있어야 쓰는 맛이 나는데 그냥 계속 똑같은 일상의 반복이니까 뭐 쓸 말이 없다 요즘 너무 밀가루 많이 먹어서 좁쌀 여드름 많이 나고 모기 새끼한테 정말 많이 뜯김 그냥 팅팅 부음 지금 그래도 눈두덩이라 발가락 안 문 게 어디냐라고 생각하고 있다 일단 내가 터트랴서 복수해 줬으니까 괜찮아 진짜 진짜 진짜 오랜만에 푸우우욱 쉬니까 아침에 일어나도 눈 안 붓고 너무 행복했다 물론 오물은 다시 출근했지만 내일은 공부 오지게 해요 하지만 금요일 발레 보러 가는 거 너무 기대되는데 동아리 째고 가는 거라 살짝 양심에 찔리지만 내일 과제 해가면 되니까,"모모리,모모리,일,맛,일상,반복,밀가루,좁쌀,여드름,모기,새끼,눈두덩이,발가락,복수,아침,오랜만,눈,오늘,출근,내일,공부,금요일,발레,동아리,양심,내일,과제",,,
56,오타대마왕,regret,ㅇ ㅏ ㅈㄴ 폭주함 너구리 끓여먹고 제로도 아닌 그냥 아이스크림 처먹음 사람인가-> 아님 ㅈㅂ 정신차리자 59kg 사람샊기가 아니잖아 제발ㅠ 정신을ㅠ 차려ㅠ 내일부터 다시 정신 똑디 차리고 시작한다 오늘 다 처먹었으니까 후회 없지?? ㅇㅇ 화이팅,폭주함 너구리 끓여먹고 제로도 아닌 그냥 아이스크림 처먹음 사람인가> 아님 정신차리자 59kg 사람샊기가 아니잖아 제발 정신을 차려 내일부터 다시 정신 똑디 차리고 시작한다 오늘 다 처먹었으니까 후회 없지 화이팅,폭주함 너구리 끓여먹고 제로도 아닌 그냥 아이스크림 처먹음 사람인가> 아님 정신 차리자 59kg 사람새끼가 아니잖아 제발 정신을 차려 내일부터 다시 정신 똑디 차리고 시작한다 오늘 다 처먹었으니까 후회 없지 파이팅,"폭주,너구리,제로,아이스크림,사람,사람새끼,정신,내일,정신,오늘,후회,파이팅",,,
57,공황,gloomy,오늘 지하철에 사람이 굉장히 많았다 그래도 별다르지 않아서 안심하고 있었는데 집으로 돌아오는 길에 공황이 왔다 여태 왔던 공황보다 증상이 심해서 놀랐다 나아진 줄 알았는데 다시 재발하니 마음이 좋지 않더라 사람 많은데 가면 으레 가슴이 답답해서 그냥 그정도인줄 알았는데 순식간에 머리와 눈 앞이 하얘지고 가만히 있을 수가 없었다 금방이라도 소리를 지르며 뛰쳐나가고 싶었는데 그럴 수 없었고 점점 숨을 쉬기 힘들어졌다 강도가 꽤 쎄서 혼자있었으면 그 자리에서 기절했을 것 같다 옆에 누군가 있다는 것만으로도 다행인 일이구나 겨우 진정하고 다시 집에 가는데 집으로 가는 길이 고역이었다 긴 하루다 방법을 다시 찾아봐야겠다,오늘 지하철에 사람이 굉장히 많았다 그래도 별다르지 않아서 안심하고 있었는데 집으로 돌아오는 길에 공황이 왔다 여태 왔던 공황보다 증상이 심해서 놀랐다 나아진 줄 알았는데 다시 재발하니 마음이 좋지 않더라 사람 많은데 가면 으레 가슴이 답답해서 그냥 그정도인줄 알았는데 순식간에 머리와 눈 앞이 하얘지고 가만히 있을 수가 없었다 금방이라도 소리를 지르며 뛰쳐나가고 싶었는데 그럴 수 없었고 점점 숨을 쉬기 힘들어졌다 강도가 꽤 쎄서 혼자있었으면 그 자리에서 기절했을 것 같다 옆에 누군가 있다는 것만으로도 다행인 일이구나 겨우 진정하고 다시 집에 가는데 집으로 가는 길이 고역이었다 긴 하루다 방법을 다시 찾아봐야겠다,오늘 지하철에 사람이 굉장히 많았다 그래도 별다르지 않아서 안심하고 있었는데 집으로 돌아오는 길에 공황이 왔다 여태 왔던 공황보다 증상이 심해서 놀랐다 나아진 줄 알았는데 다시 재발하니 마음이 좋지 않더라 사람 많은데 가면 으레 가슴이 답답해서 그냥 그 정도인 줄 알았는데 순식간에 머리와 눈앞이 하얘지고 가만히 있을 수가 없었다 금방이라도 소리를 지르며 뛰쳐나가고 싶었는데 그럴 수 없었고 점점 숨을 쉬기 힘들어졌다 강도가 꽤 세서 혼자 있었으면 그 자리에서 기절했을 것 같다 옆에 누군가 있다는 것만으로도 다행인 일이구나 겨우 진정하고 다시 집에 가는데 집으로 가는 길이 고역이었다 긴 하루다 방법을 다시 찾아봐야겠다,"오늘,지하철,사람,안심,집,길,공황,공황,증상,재발,마음,사람,가슴,머리,눈,금방,소리,숨,강도,혼자,자리,기절,옆,집,집,길,고역,하루,방법",,,
58,쁠리,gloomy,오늘은 너무 힘들어… 폭식하고…내 감정이 왜 그럴까… 불안해 너무 초조해… 쁠리 열심히 자야겠다… 제발 괜찮아져라,오늘은 너무 힘들어 폭식하고내 감정이 왜 그럴까 불안해 너무 초조해 쁠리 열심히 자야겠다 제발 괜찮아져라,오늘은 너무 힘들어 폭식하고 내 감정이 왜 그럴까 불안해 너무 초조해 쁠리 열심히 자야겠다 제발 괜찮아져라,"오늘,폭식,감정",,,
59,긴 글,lethargic,오늘은 어제 일찍 잠이 들어 새벽 세시 즈음에 일어났다. 전 남자친구에 대한 꿈을 꿔서 기분이 나쁜채로 인상을 잔뜩 찌푸린 채 해몽을 찾아보니 과거와의 결별이라는 내용이 나왔다. 그래서 한편으로는 마음을 놓았는데 잠도 다 깨버려서 배고파서 몰래 비빔면 호로록 먹구 누워서 아침 여덟시까지.. 그렇게 버티고 쪽잠자다 알바가니 시험 끝난 친구들이 점차 몰려들었다. 요새는 학생 손님이 많아 상당히 피곤하다. 얼른 평소의 일상으로 돌아가고 싶지만 월요일도 휴일^^ 아무튼 오늘은 그냥저냥 무기력해서 조금 지쳤지만 하루를 잘 버티긴 했구나 싶었다. 예전에는 조금만 스트레스를 받아도 단식을 해버렸는데 오늘은 마라탕에 소주 한잔이 땡겨서 소주 빼고 마라탕만 먹었다. 먹고 살려고 버는거지 이런날도 있는거지 위로하고 내일은 다시 열심히 일해야지 아 그리고 오늘은 영재가 딱 내스타일인 구두 사줬다. 늘 고마운 내 남자친구 더 잘해조야지,오늘은 어제 일찍 잠이 들어 새벽 세시 즈음에 일어났다 전 남자친구에 대한 꿈을 꿔서 기분이 나쁜채로 인상을 잔뜩 찌푸린 채 해몽을 찾아보니 과거와의 결별이라는 내용이 나왔다 그래서 한편으로는 마음을 놓았는데 잠도 다 깨버려서 배고파서 몰래 비빔면 호로록 먹구 누워서 아침 여덟시까지 그렇게 버티고 쪽잠자다 알바가니 시험 끝난 친구들이 점차 몰려들었다 요새는 학생 손님이 많아 상당히 피곤하다 얼른 평소의 일상으로 돌아가고 싶지만 월요일도 휴일 아무튼 오늘은 그냥저냥 무기력해서 조금 지쳤지만 하루를 잘 버티긴 했구나 싶었다 예전에는 조금만 스트레스를 받아도 단식을 해버렸는데 오늘은 마라탕에 소주 한잔이 땡겨서 소주 빼고 마라탕만 먹었다 먹고 살려고 버는거지 이런날도 있는거지 위로하고 내일은 다시 열심히 일해야지 아 그리고 오늘은 영재가 딱 내스타일인 구두 사줬다 늘 고마운 내 남자친구 더 잘해조야지,오늘은 어제 일찍 잠이 들어 새벽 세시 즈음에 일어났다 전 남자친구에 대한 꿈을 꿔서 기분이 나쁜 채로 인상을 잔뜩 찌푸린 채 해몽을 찾아보니 과거와의 결별이라는 내용이 나왔다 그래서 한편으로는 마음을 놓았는데 잠도 다 깨버려서 배고파서 몰래 비빔면 호로록 먹고 누워서 아침 여덟시까지 그렇게 버티고 쪽잠 자다 알바이니 시험 끝난 친구들이 점차 몰려들었다 요새는 학생 손님이 많아 상당히 피곤하다 얼른 평소의 일상으로 돌아가고 싶지만 월요일도 휴일 아무튼 오늘은 그냥저냥 무기력해서 조금 지쳤지만 하루를 잘 버티긴 했구나 싶었다 예전에는 조금만 스트레스를 받아도 단식을 해버렸는데 오늘은 마라탕에 소주 한 잔이 당겨서 소주 빼고 마라탕만 먹었다 먹고살려고 버는 거지 이런 날도 있는 거지 위로하고 내일은 다시 열심히 일해야지 아 그리고 오늘은 영재가 딱 내 스타일인 구두 사줬다 늘 고마운 내 남자친구 더 잘해줘야지,"오늘,어제,잠,새벽,남자친구,꿈,기분,인상,해몽,과거,결별,내용,한편,마음,잠,비빔면,아침,쪽잠,알바,시험,친구,요새,학생,손님,평소,일상,월요일,휴일,오늘,무기력,조금,하루,예전,조금,스트레스,단식,오늘,마라탕,소주,소주,마라탕,위로,내일,일,오늘,영재,스타일,구두,남자친구",,,
60,n그램,calm,일지매 개와 늑대의 시간 조선 총잡이 악의 꽃 아라문의 검 일단 이거라도 ! 이준기 배우님 작품 차근차근 보기,일지매 개와 늑대의 시간 조선 총잡이 악의 꽃 아라문의 검 일단 이거라도 이준기 배우님 작품 차근차근 보기,일지매 개와 늑대의 시간 조선 총잡이 악의 꽃 아라문의 검 일단 이거라도 이준기 배우님 작품 차근차근 보기,이거 난 잘 못하겠슴다.,이거 난 잘 못하겠슴다.,이거 난 잘 못하겠슴다.,이거 난 잘 못하겠슴다.
61,샤콘느,annoyed,나중에 좋은 사람이 되고싶다 샤콘느 느낌 잡히고 있으니까 더 연구하기 ! 아현이가 예종 1차 붙었다고 하니까 경쟁심이 생긴다 나도 좋은 결과 내보자 일단 토요일 음교부터 잘하자 화이팅,나중에 좋은 사람이 되고싶다 샤콘느 느낌 잡히고 있으니까 더 연구하기 아현이가 예종 1차 붙었다고 하니까 경쟁심이 생긴다 나도 좋은 결과 내보자 일단 토요일 음교부터 잘하자 화이팅,나중에 좋은 사람이 되고 싶다 샤콘느 느낌 잡히고 있으니까 더 연구하기 아현이가 예종 1차 붙었다고 하니까 경쟁심이 생긴다 나도 좋은 결과 내보자 일단 토요일 음교부터 잘하자 파이팅,"사람,샤콘느,느낌,연구,아현이,예종,경쟁심,결과,토요일,음교",,,
62,개에바,angry,시발 근데 어제는 진짜 개에바였어 나 보는 앞에서 ㄱㅈㅇ 쳐 껴안고 계속 내ㅜ앞에서 걔 ㅇㅣ름 쳐불러대고 씨발 진짜 개싫어 오늘도 아는척 한 번도 안하더니 걔한테서 뭘 들은건지 모르겠는데 내가 지한테 말 걸고싶다나 뭐라나 난 그딴 소리 한 적도 없는데 뭘 들은거야 근데 잘못한 건 걘데 진짜 어제 일은 없었던 것처럼 존나 잘 지내서 더 슬펐음 애들함테 하소연 하는 것도 싫은데 진짜 어디 털어놓을 데가 없음 씨발 진짜 반톡에서도 그 지랄떨고 아 짜증난다진짜레알 그냥 울고싶음,시발 근데 어제는 진짜 개에바였어 나 보는 앞에서 쳐 껴안고 계속 내앞에서 걔 름 쳐불러대고 씨발 진짜 개싫어 오늘도 아는척 한 번도 안하더니 걔한테서 뭘 들은건지 모르겠는데 내가 지한테 말 걸고싶다나 뭐라나 난 그딴 소리 한 적도 없는데 뭘 들은거야 근데 잘못한 건 걘데 진짜 어제 일은 없었던 것처럼 존나 잘 지내서 더 슬펐음 애들함테 하소연 하는 것도 싫은데 진짜 어디 털어놓을 데가 없음 씨발 진짜 반톡에서도 그 지랄떨고 아 짜증난다진짜레알 그냥 울고싶음,시발 근데 어제는 진짜 개에바였어 나 보는 앞에서 쳐 껴안고 계속 내 앞에서 걔 름 쳐불러대고 씨발 진짜 개 싫어 오늘도 아는 척 한 번도 안 하더니 걔한테서 뭘 들은 건지 모르겠는데 내가 지한테 말 걸고 싶다나 뭐라나 난 그딴 소리 한 적도 없는데 뭘 들은 거야 근데 잘못한 건 걘데 진짜 어제 일은 없었던 것처럼 정말 잘 지내서 더 슬펐음 애들한테 하소연하는 것도 싫은데 진짜 어디 털어놓을 데가 없음 씨발 진짜 반톡에서도 그 지랄 떨고 아 짜증 난다 진짜 레알 그냥 울고 싶음,"어제,개에바,이름,오늘,말,소리,어제,하소연,반톡",,,
63,초장문,sad,오늘 어제 이야기를 먼저 먼저 해야 할 것 같다 어제는 여름이를 만났다 리안이와 함께 계성 좋아 투어를 하려고 했는데 어 여름이 늘 백화점에 먼저 가게 되었다 사실 그 전에 내가 연습을 하다가 자서 리안이와 만나는 약속에 조금 지각을 했다 그래서 미안했다 아무튼 여름이네 백화점은 롯데백화점 본점이 없고 을지로쪽 명동쪽에 있었다그리고 거기에 가서 우리는 여름이를 찾았고 여름이가 일을 하고 있었고 여름이가 민트 초코 티켓을 줘서 너무 감동적이었다 그리고 여름이라 기다리면서 우리는 다연이도 만났고 다연이가 어 그 다음 약속도 있는데 이렇게 짧은 시간이지만 방문을 해 주는 것을 보고 에너지가 굉장히 많은 친구 라는 것을 느꼈다 그 에너지 의 원천이 너무 궁금하다 다연이는 잠도 잘 못 잔다는데 어떻게 그렇게 활발하게 돌아 될 수 있는 걸까아무튼 그 어 향수 시향을도 계속 했는데 이제 샵 남자 고갱님들한테 향수를 추천 하고 설명 하는데 참고하려고 시험을 많이 하다가 약간 머리가 어지러워졌다 그 후에 거미집 이라는 영화를 봤는데 굉장히 재미있었다 거미집을 보는 동안 여름이가 알고 보니 전화를 해서 나와 리안이 핸드폰을 부재중이 찍혀 있었다 여름이에게 영화 본다고 미리 말을 할 걸 굉장히 미안했다거미집을 다 보고 나서는 어 LG 공기청정기를 보러 갔는데 내가 원하는 사이즈 의 제품이 특별이 없었다 그래서 공기 청정기를 사는 거는 아마도 포기를 해야 될 것 같다 여름이가 일이 마쳤고 같이 을지로에 있는 오뎅바를 갔다가 그 후에는 맥주 집에 갔다 수제맥주였는데 여름이가 먹는 맥주가 굉장히 맛있어 보였다 피넛 버터가 들어있는 맥주였다 여름이는 되게 미식가인 것 같고 그리고 후각도 당연히 예민하고 성격이 약간 츤데레 느낌인데 되게그래도 남을 잘 챙겨 주고 따뜻한 친구인 것 같고 선물을 주위에 많이 한다고 했다 너무 어려운 일도 오늘 하루 만에 또 티켓도 받고 그리고 향수 샘플같은것도 받을 수 있었다 우리에게 각자의 잘 어울릴 것 같은 향을 선물 해줬다고 했다 여름이는 나에게 시트러스향을 선물 해줬는데 나에게 시트러스형이 잘 어울릴 것 같은 이미지인 건가 싶어서 되게 신선 했다그 후에는 여름이 집에 가서 여름이가 만든 향수 시향을 했고 여름이 의 향수를 나는 두 개를 샀다 이제 풀 풀 향이 나는 향수 아우디 시나몬 형 향수를 샀는데 둘 다 좋았다 그리고 오드퍼퓸이라 그런지 되게 지속력이 길다 여름이네 집에서 한 시쯤 나왔는데 강남에 심야 버스 타고 오니까 2시 조금 넘어꼬 집에 도착하니까 2시 반쯤 되었다 굉장히 피곤한 하루였지만 즐거웠다 그리고 그 다음 날인 오늘 시월 이 일은 허리와 디카페인과 연필이 3시 그리고 나 포함해서 4명 만나는 날인데느즈막히 일어나고 싶었지만 10시 반쯤 눈이떠졌고 그래서 씻고 엄마 남한테 전화해서 혹시 오늘 맛사지 받을 수 있냐고 물어 보니 두시에 취소 꺼니 있어서 가능하다고 해서 운이 좋게도 2시 예약을 잡았고 샵에 나와서 연습하다가 맛사지 받고 다시 연습 하는데 집중이 잘 되지 않아서 연습을 많이 하지 못 했다 그리고 우리 언니와 조금 이야기를 하다가 그린 요거트를 조금 먹고그러고 바로 한강으로 출발 했는데 오늘 내가 돛자리를 가져 가기로 했는데 까먹고 그냥 넣어버려서 한강 공원 근처에 있는 다이소에 가서 은박지도 짜리를 샀는데 어 친구들에게 꽤 반응이 좋았다 그리고 나도 굉장히 가볍고 컴팩트에서 가지고 다니기도 편해서 마음에 든다 3000 원밖에 안 한다 그리고 디카페인 거 허리와 연필이와의 만남은 재미있었고 어 안 물어도 평소 잘 만나지 않는 하루가 디카페인을 만나다 보니까 대화의 소재가 신선 했다그 친구들과 즐겁게 놀면서 삼겹살 쫄면과 치킨을 먹었다 그리고 친구들이 별로 안 추울까봐 옷을 얇게 입고 왔는데 내가 챙겨 간 핫팩을 하나씩 나눠줬더니 그게 도움이 되는 것 같아서 조금 뿌듯 했다 그럼에도 너무 추워서 우리는 9시 반쯤 일어나서 헤어졌다 그리고 나는 다시 가게 연습을 하러 왔고 아 좀집중이 잘 안 되긴 하는데 내일 첫 손님이 있어서 두피 문신 첫 손님이 있어서 요거는 꼭 해야 된다 화이팅,오늘 어제 이야기를 먼저 먼저 해야 할 것 같다 어제는 여름이를 만났다 리안이와 함께 계성 좋아 투어를 하려고 했는데 어 여름이 늘 백화점에 먼저 가게 되었다 사실 그 전에 내가 연습을 하다가 자서 리안이와 만나는 약속에 조금 지각을 했다 그래서 미안했다 아무튼 여름이네 백화점은 롯데백화점 본점이 없고 을지로쪽 명동쪽에 있었다그리고 거기에 가서 우리는 여름이를 찾았고 여름이가 일을 하고 있었고 여름이가 민트 초코 티켓을 줘서 너무 감동적이었다 그리고 여름이라 기다리면서 우리는 다연이도 만났고 다연이가 어 그 다음 약속도 있는데 이렇게 짧은 시간이지만 방문을 해 주는 것을 보고 에너지가 굉장히 많은 친구 라는 것을 느꼈다 그 에너지 의 원천이 너무 궁금하다 다연이는 잠도 잘 못 잔다는데 어떻게 그렇게 활발하게 돌아 될 수 있는 걸까아무튼 그 어 향수 시향을도 계속 했는데 이제 샵 남자 고갱님들한테 향수를 추천 하고 설명 하는데 참고하려고 시험을 많이 하다가 약간 머리가 어지러워졌다 그 후에 거미집 이라는 영화를 봤는데 굉장히 재미있었다 거미집을 보는 동안 여름이가 알고 보니 전화를 해서 나와 리안이 핸드폰을 부재중이 찍혀 있었다 여름이에게 영화 본다고 미리 말을 할 걸 굉장히 미안했다거미집을 다 보고 나서는 어 LG 공기청정기를 보러 갔는데 내가 원하는 사이즈 의 제품이 특별이 없었다 그래서 공기 청정기를 사는 거는 아마도 포기를 해야 될 것 같다 여름이가 일이 마쳤고 같이 을지로에 있는 오뎅바를 갔다가 그 후에는 맥주 집에 갔다 수제맥주였는데 여름이가 먹는 맥주가 굉장히 맛있어 보였다 피넛 버터가 들어있는 맥주였다 여름이는 되게 미식가인 것 같고 그리고 후각도 당연히 예민하고 성격이 약간 츤데레 느낌인데 되게그래도 남을 잘 챙겨 주고 따뜻한 친구인 것 같고 선물을 주위에 많이 한다고 했다 너무 어려운 일도 오늘 하루 만에 또 티켓도 받고 그리고 향수 샘플같은것도 받을 수 있었다 우리에게 각자의 잘 어울릴 것 같은 향을 선물 해줬다고 했다 여름이는 나에게 시트러스향을 선물 해줬는데 나에게 시트러스형이 잘 어울릴 것 같은 이미지인 건가 싶어서 되게 신선 했다그 후에는 여름이 집에 가서 여름이가 만든 향수 시향을 했고 여름이 의 향수를 나는 두 개를 샀다 이제 풀 풀 향이 나는 향수 아우디 시나몬 형 향수를 샀는데 둘 다 좋았다 그리고 오드퍼퓸이라 그런지 되게 지속력이 길다 여름이네 집에서 한 시쯤 나왔는데 강남에 심야 버스 타고 오니까 2시 조금 넘어꼬 집에 도착하니까 2시 반쯤 되었다 굉장히 피곤한 하루였지만 즐거웠다 그리고 그 다음 날인 오늘 시월 이 일은 허리와 디카페인과 연필이 3시 그리고 나 포함해서 4명 만나는 날인데느즈막히 일어나고 싶었지만 10시 반쯤 눈이떠졌고 그래서 씻고 엄마 남한테 전화해서 혹시 오늘 맛사지 받을 수 있냐고 물어 보니 두시에 취소 꺼니 있어서 가능하다고 해서 운이 좋게도 2시 예약을 잡았고 샵에 나와서 연습하다가 맛사지 받고 다시 연습 하는데 집중이 잘 되지 않아서 연습을 많이 하지 못 했다 그리고 우리 언니와 조금 이야기를 하다가 그린 요거트를 조금 먹고그러고 바로 한강으로 출발 했는데 오늘 내가 돛자리를 가져 가기로 했는데 까먹고 그냥 넣어버려서 한강 공원 근처에 있는 다이소에 가서 은박지도 짜리를 샀는데 어 친구들에게 꽤 반응이 좋았다 그리고 나도 굉장히 가볍고 컴팩트에서 가지고 다니기도 편해서 마음에 든다 30 원밖에 안 한다 그리고 디카페인 거 허리와 연필이와의 만남은 재미있었고 어 안 물어도 평소 잘 만나지 않는 하루가 디카페인을 만나다 보니까 대화의 소재가 신선 했다그 친구들과 즐겁게 놀면서 삼겹살 쫄면과 치킨을 먹었다 그리고 친구들이 별로 안 추울까봐 옷을 얇게 입고 왔는데 내가 챙겨 간 핫팩을 하나씩 나눠줬더니 그게 도움이 되는 것 같아서 조금 뿌듯 했다 그럼에도 너무 추워서 우리는 9시 반쯤 일어나서 헤어졌다 그리고 나는 다시 가게 연습을 하러 왔고 아 좀집중이 잘 안 되긴 하는데 내일 첫 손님이 있어서 두피 문신 첫 손님이 있어서 요거는 꼭 해야 된다 화이팅,오늘 어제 이야기를 먼저 먼저 해야 할 것 같다 어제는 여름이를 만났다 리안이와 함께 계성 좋아 투어를 하려고 했는데 어 여름이 늘 백화점에 먼저 가게 되었다 사실 그전에 내가 연습을 하다가 자서 리안이와 만나는 약속에 조금 지각을 했다 그래서 미안했다 아무튼 여름이네 백화점은 롯데백화점 본점이 없고 을지로 쪽 명동 쪽에 있었다 그리고 거기에 가서 우리는 여름이를 찾았고 여름이가 일을 하고 있었고 여름이가 민트 초코 티켓을 줘서 너무 감동적이었다 그리고 여름이라 기다리면서 우리는 다연이도 만났고 다연이가 어 그다음 약속도 있는데 이렇게 짧은 시간이지만 방문을 해 주는 것을 보고 에너지가 굉장히 많은 친구라는 것을 느꼈다 그 에너지의 원천이 너무 궁금하다 다연이는 잠도 잘 못 잔다는데 어떻게 그렇게 활발하게 돌아 될 수 있는 걸까 아 아무튼 그 어 향수 시향을 도 계속했는데 이제 숍 남자 고객님들한테 향수를 추천하고 설명하는데 참고하려고 시험을 많이 하다가 약간 머리가 어지러워졌다 그 후에 거미집이라는 영화를 봤는데 굉장히 재미있었다 거미집을 보는 동안 여름이가 알고 보니 전화를 해서 나와 리안이 핸드폰을 부재중이 찍혀 있었다 여름이에게 영화 본다고 미리 말을 할 걸 굉장히 미안했다 거미집을 다 보고 나서는 어 LG 공기청정기를 보러 갔는데 내가 원하는 사이즈의 제품이 특별히 없었다 그래서 공기 청정기를 사는 거는 아마도 포기를 해야 될 것 같다 여름이가 일이 마쳤고 같이 을지로에 있는 어묵 바를 갔다가 그 후에는 맥줏집에 갔다 수제 맥주였는데 여름이가 먹는 맥주가 굉장히 맛있어 보였다 피넛 버터가 들어있는 맥주였다 여름이는 되게 미식가인 것 같고 그리고 후각도 당연히 예민하고 성격이 약간 츤데레 느낌인데 되게 그래도 남을 잘 챙겨 주고 따뜻한 친구인 것 같고 선물을 주위에 많이 한다고 했다 너무 어려운 일도 오늘 하루 만에 또 티켓도 받고 그리고 향수 샘플 같은 것도 받을 수 있었다 우리에게 각자의 잘 어울릴 것 같은 향을 선물해 줬다고 했다 여름이는 나에게 시트러스 향을 선물해 줬는데 나에게 시트러스 형이 잘 어울릴 것 같은 이미지인 건가 싶어서 되게 신선했다 그 후에는 여름이 집에 가서 여름이가 만든 향수 시향을 했고 여름이의 향수를 나는 두 개를 샀다 이제 풀 풀 향이 나는 향수 아우디 시나몬 형 향수를 샀는데 둘 다 좋았다 그리고 오드 퍼퓸이라 그런지 되게 지속력이 길다 여름이네 집에서 한 시쯤 나왔는데 강남에 심야버스 타고 오니까 2시 조금 넘어 꼭 집에 도착하니까 2시 반쯤 되었다 굉장히 피곤한 하루였지만 즐거웠다 그리고 그다음 날인 오늘 시월 이 일은 허리와 디카페인과 연필이 3시 그리고 나 포함해서 4명 만나는 날인데 느지막이 일어나고 싶었지만 10시 반쯤 눈이 떠졌고 그래서 씻고 엄마 남한테 전화해서 혹시 오늘 마사지 받을 수 있냐고 물어보니 두시에 취소 거니 있어서 가능하다고 해서 운이 좋게도 2시 예약을 잡았고 숍에 나와서 연습하다가 마사지 받고 다시 연습하는데 집중이 잘되지 않아서 연습을 많이 하지 못했다 그리고 우리 언니와 조금 이야기를 하다가 그린 요구르트를 조금 먹고 그러고 바로 한강으로 출발했는데 오늘 내가 돛자리를 가져가기로 했는데 까먹고 그냥 넣어버려서 한강 공원 근처에 있는 다이소에 가서 은박지도 짜리를 샀는데 어 친구들에게 꽤 반응이 좋았다 그리고 나도 굉장히 가볍고 콤팩트에서 가지고 다니기도 편해서 마음에 든다 30 원밖에 안 한다 그리고 디카페인 거 허리와 연필이와의 만남은 재미있었고 어 안 물어도 평소 잘 만나지 않는 하루가 디카페인을 만나다 보니까 대화의 소재가 신선했다 그 친구들과 즐겁게 놀면서 삼겹살 쫄면과 치킨을 먹었다 그리고 친구들이 별로 안 추울까 봐 옷을 얇게 입고 왔는데 내가 챙겨 간 핫팩을 하나씩 나눠줬더니 그게 도움이 되는 것 같아서 조금 뿌듯했다 그럼에도 너무 추워서 우리는 9시 반쯤 일어나서 헤어졌다 그리고 나는 다시 가게 연습을 하러 왔고 아 좀 집중이 잘 안되긴 하는데 내일 첫 손님이 있어서 두피 문신 첫 손님이 있어서 요거는 꼭 해야 된다 파이팅,"오늘,어제,이야기,어제,여름이,리안이,계성,투어,여름이,백화점,연습,리안이,약속,지각,여름이네,백화점,롯데백화점,을지로,명동,여름이,여름이,여름이,민트,초코,티켓,여름이,다연이,다연이,다음,약속,시간,방문,에너지,친구,에너지,원천,다연이,잠도,향수,시향,샵,남자,고객님,향수,추천,설명,참고,시험,머리,거미집,영화,거미집,여름이,전화,리안이,핸드폰,부재중,여름이,영화,말,거미집,LG,공기청정기,사이즈,제품,공기청정기,포기,여름이,을지로,오뎅바,맥줏집,수제맥주,여름이,맥주,피넛버터,맥주,여름이,미식가,후각,성격,츤데레,느낌,친구,선물,오늘,하루,티켓,향수,샘플,우리,각자,향,선물,여름이,시트러스향,선물,시트러스향,이미지,여름이,여름이,향수,시향,여름이,향수,향수,아우디,시나몬,향수,오드퍼퓸,지속력,여름이네,집,강남,버스,집,하루,디카페인,연필이,눈,엄마,전화,오늘,맛사지,취소,운,예약,가능,샵,연습,맛사지,연습,집중,연습,우리,언니,조금,이야기,그릭요거트,조금,한강,출발,오늘,돛자리,한강,공원,근처,다이소,은박지,친구들,반응,컴팩트,마음,디카페인,연필이,만남,평소,하루,디카페인,대화,소재,신선,친구들,삼겹살,쫄면,치킨,친구들,옷,핫팩,도움,우리,가게,연습,집중,손님,두피,문신,손님,화이팅",,,
64,고양이대려,proud,오늘 고양이대려왓다ㅏ엉아ㅡㅇ나ㅏㅇ 낼 다시 월요일인데..ㅅㅂ 임로아 극혐이야 진짜로.. 그래도 이번 화학106점맞고 수학 두개시험 다 백점~시발 나는 이과가맞는듯,오늘 고양이대려왓다엉아나 낼 다시 월요일인데 임로아 극혐이야 진짜로 그래도 이번 화학106점맞고 수학 두개시험 다 백점시발 나는 이과가맞는듯,오늘 고양이 데려왔다 형이나 낼 다시 월요일인데 임로아 극혐이야 진짜로 그래도 이번 화학 106점 맞고 수학 두 개 시험 다 백 점 시발 나는 이과가 맞는 듯,"오늘,고양이,낼,월요일,임로아,극혐,화학,수학,시험,백점,이과",,,
65,잔나비,excited,내일 친구들이랑 파콘 가기로했다!! 설렌다 잔나비 벌 생각에 설레기도 하고 오랜만에 놀러가서 좋다,내일 친구들이랑 파콘 가기로했다 설렌다 잔나비 벌 생각에 설레기도 하고 오랜만에 놀러가서 좋다,내일 친구들이랑 파콘 가기로 했다 설렌다 잔나비 벌 생각에 설레기도 하고 오랜만에 놀러 가서 좋다,"내일,친구들,파콘,잔나비",파콘->팝콘,,
66,배트남,fun,수학영어 다갔다와서 힘글다 새뱍네시에 배트남애 잇는 친구랑 브롤하기지렷ㄷ,수학영어 다갔다와서 힘글다 새뱍네시에 배트남애 잇는 친구랑 브롤하기지렷,수학 영어 다 갔다 와서 힘글다 새뱍네시에 배트나 애 잇는 친구랑 브롤하기지렷,"수학,영어,새벽,베트남,브롤",,,
67,뭔말이지,nervous,주잉님ㅁ이나버리면어떡하지난ㄴ진짜너무좋아하는ㄴ데ㅜㅜㅜㅜㅠㅠㅠ,주잉님이나버리면어떡하지난진짜너무좋아하는데,주인님이 나 버리면 어떡하지 난 진짜 너무 좋아하는데,주인님,,,
68,디아제팜,regret,간만에 공황? 과호흡? 좀 와서 디아제팜 먹음. 먹은지 좀 됏는대 멍 하다. 대신 불안한건 사라짐 ㅋㅋ 씨팔 당분간 병신대가리로 살아야할듯 승훈아 나 사랑해줘,간만에 공황 과호흡 좀 와서 디아제팜 먹음 먹은지 좀 됏는대 멍 하다 대신 불안한건 사라짐 씨팔 당분간 병신대가리로 살아야할듯 승훈아 나 사랑해줘,오래간만에 공황 과호흡 좀 와서 디아제팜 먹음 먹은 지 좀 됏는대 멍하다 대신 불안한 건 사라짐 씨팔 당분간 병신 대가리로 살아야 할 듯 승훈아 나 사랑해 줘,"공황,과호흡,디아제팜,승훈아",,,
69,방콕,lethargic,하루 뿌듯히게 보내자마자 방콕... 이 뭔...,하루 뿌듯히게 보내자마자 방콕 이 뭔,하루 뿌듯히게 보내자마자 방콕 이 뭔,"하루,방콕",,,
70,잼민이,regret,왜케 효율이 안나지... 잼민이들 많은 곳 다신 안간다,왜케 효율이 안나지 잼민이들 많은 곳 다신 안간다,왜 이렇게 효율이 안 나지 잼민이 들 많은 곳 다신 안 간다,"효율,잼민이",,,
71,또민이,love,딱히 그렇게 무슨일이 있지는 않았다 학교를 안 가서 그런가 기분이 좀 그렇다.. 내가 오래 짝사랑하고 있는 쭈니도 보고 싶고 내 짝꿍인 인영이도 보고싶고 재밌는 친구인 규민이도 보고 싶다 만수르.. 곁에 있어서 나에게 가장 큰 힘이 되는 존재.. 정말 사랑스러운 존재들이다 이 사랑스러운 존재들이 오늘따라 너무 보고싶다,딱히 그렇게 무슨일이 있지는 않았다 학교를 안 가서 그런가 기분이 좀 그렇다 내가 오래 짝사랑하고 있는 쭈니도 보고 싶고 내 짝꿍인 인영이도 보고싶고 재밌는 친구인 규민이도 보고 싶다 만수르 곁에 있어서 나에게 가장 큰 힘이 되는 존재 정말 사랑스러운 존재들이다 이 사랑스러운 존재들이 오늘따라 너무 보고싶다,딱히 그렇게 무슨 일이 있지는 않았다 학교를 안 가서 그런가 기분이 좀 그렇다 내가 오래 짝사랑하고 있는 쭈니도 보고 싶고 내 짝꿍인 인영이도 보고 싶고 재밌는 친구인 규민이도 보고 싶다 만수르 곁에 있어서 나에게 가장 큰 힘이 되는 존재 정말 사랑스러운 존재들이다 이 사랑스러운 존재들이 오늘따라 너무 보고 싶다,"학교,기분,짝사랑,쭈니,짝꿍,인영이,친구,규민이,만수르,곁,힘,존재,존재들,존재들,오늘",쭈니 -> 추니,,
72,벗,fun,"어제 뽀벗이랑 서희벗이랑 논거 재밌었다. 피코파크 하면서 밥 개많이 먹고 저녁에 알탕에 소맥 달렸다. 안 취할 심산이었는데 취해서 집 갔다. 까르보나라랑 치킨스팸마요덮밥 먹었는데 웬걸, 치킨스팸마요덮밥 ㄹㅇ 개맛있다. 까르보는 피방에서만 먹을 수 있는.. 뭔가 맛있는데 아쉬운 맛이 나는데 치스마요덮밥은 졸러 맛있다. 특히 치킨이 가라아게 치킨이라 맛있고, 밥에서 참기름 맛 나서 더 맛있었다.",어제 뽀벗이랑 서희벗이랑 논거 재밌었다 피코파크 하면서 밥 개많이 먹고 저녁에 알탕에 소맥 달렸다 안 취할 심산이었는데 취해서 집 갔다 까르보나라랑 치킨스팸마요덮밥 먹었는데 웬걸 치킨스팸마요덮밥 개맛있다 까르보는 피방에서만 먹을 수 있는 뭔가 맛있는데 아쉬운 맛이 나는데 치스마요덮밥은 졸러 맛있다 특히 치킨이 가라아게 치킨이라 맛있고 밥에서 참기름 맛 나서 더 맛있었다,어제 또 벗이랑 서희 벗이랑 논거 재밌었다 피코 파크 하면서 밥 개 많이 먹고 저녁에 알탕에 소맥 달렸다 안 취할 심산이었는데 취해서 집 갔다 카르보나라랑 치킨 스팸 마요 덮밥 먹었는데 웬걸 치킨 스팸 마요 덮밥 개 맛있다 까르르 보는 피시방에서만 먹을 수 있는 뭔가 맛있는데 아쉬운 맛이 나는데 치시마요 덮밥은 졸라 맛있다 특히 치킨이 가라 알게 치킨이라 맛있고 밥에서 참기름 맛 나서 더 맛있었다,"어제,뽀벗,서희벗,피코파크,밥,저녁,알탕,소맥,심산,까르보나라,치킨스팸마요덮밥,치킨스팸마요덮밥,까르보,피방,치즈마요덮밥,치킨,가라아게,치킨,밥,참기름,맛",,,
73,끝판왕,sad,개빡침 이새끼 선맨날그음 아니 이럴 ㅓ거면 첨ㅂ퉈 연랃 왜함 얘도 내가 자기 젛아흐는 ㄱㅓ 얼고 잇는 것 같은ㄷ 그냥 연락을 끊지 왜 자꾸 연락하고 난리임 진심 나만 개힘들고 진짜 개빡친다 그냥 며칠 잠수 타고 싶음,개빡침 이새끼 선맨날그음 아니 이럴 거면 첨퉈 연랃 왜함 얘도 내가 자기 젛아흐는 얼고 잇는 것 같은 그냥 연락을 끊지 왜 자꾸 연락하고 난리임 진심 나만 개힘들고 진짜 개빡친다 그냥 며칠 잠수 타고 싶음,개빡침 이 새끼 선 맨날 그 음 아니 이럴 거면 첨퉈 연락 왜 함 얘도 내가 자기 젛아흐는 얼고 있는 것 같은 그냥 연락을 끊지 왜 자꾸 연락하고 난리임 진심 나만 개 힘들고 진짜 개화 난다 그냥 며칠 잠적하고 싶음,"연락,연락,연락,진심,잠수",,,
74,영어이름,happy,"오늘 앨리슨 생일! 앨리스 남친 데이비드(나 좋아하던 남자), 나, 케이트, 그리고 다른 친구 3 명에 앨리슨 가족 5-6명. 오늘 겁나 즐거웠음ㅇㅇ 데이비드도 좋은 여친 생겨서 보기좋고, 앨리슨도 좋은 남친 생겨서 행복함. 메인이벤트에서 놀다가 올리브 가든에서 저녁 식사함. 겁나 행복했음.",오늘 앨리슨 생일 앨리스 남친 데이비드(나 좋아하던 남자) 나 케이트 그리고 다른 친구 3 명에 앨리슨 가족 56명 오늘 겁나 즐거웠음 데이비드도 좋은 여친 생겨서 보기좋고 앨리슨도 좋은 남친 생겨서 행복함 메인이벤트에서 놀다가 올리브 가든에서 저녁 식사함 겁나 행복했음,오늘 앨리슨 생일 앨리스 남자친구 데이비드(나 좋아하던 남자) 나 케이트 그리고 다른 친구 3 명에 앨리슨 가족 56명 오늘 겁나 즐거웠음 데이비드도 좋은 여자친구 생겨서 보기 좋고 앨리슨도 좋은 남자친구 생겨서 행복함 메인이벤트에서 놀다가 올리브 가든에서 저녁 식사함 겁나 행복했음,"오늘,앨리슨,생일,앨리스,남친,데이비드,남자,케이트,친구,앨리슨 가족,데이비드,여친,앨리슨,남친,메인이벤트,올리브,가든,저녁,식사","남친 -> 남자친구
여친 -> 여자친구
",,
75,케리아,excited,아니 케리아 너무 귀여워서 유니폼 사고싶운젱 너무 비싸기도하고 품절이기도 하고 ㅠㅠㅠ근데 케리아 댕귀여움 겜도 갸잘함 하 진짜 너무 사랑해 귀여우뮤무무,아니 케리아 너무 귀여워서 유니폼 사고싶운젱 너무 비싸기도하고 품절이기도 하고 근데 케리아 댕귀여움 겜도 갸잘함 하 진짜 너무 사랑해 귀여우뮤무무,아니 케리아 너무 귀여워서 유니폼 사고싶운젱 너무 비싸기도 하고 품절이기도 하고 근데 케리아 댕귀여움 게임도 갸잘함 하 진짜 너무 사랑해 귀여우뮤무무,"케리아,유니폼,품절,케리아,게임",,,
76,졸린듯,jealous,"아니 ㄴㅏ 벽쪽ㅇㅔ서 자고ㅅㅣㅍ다구 ㅜㅜㅜ 아니 안채영만 왜 일부로 수건 업ㄱ는쪽에서?!,",아니 벽쪽서 자고다구 아니 안채영만 왜 일부로 수건 업는쪽에서,아니 벽 쪽이 서 자고 다구 아니 안채 영만 왜 일부로 수건 업는 쪽에서,"벽,안채영,수건",,,
77,놀이기구들,fun,수학여행 첫쨧날 레이싱코스터 로데오 바이킹 스카이점핑 플래쉬팡팡 피터팬 매직스윙 탓다 놀이기구 다 첨타보는 유형들이라 무서웠는데 뒤로가는 레이싱코스터는 진짜 재밌어서 5번이나 탔다 엄청 재밌엇당 팔아포ㅜㅡㅜ,수학여행 첫쨧날 레이싱코스터 로데오 바이킹 스카이점핑 플래쉬팡팡 피터팬 매직스윙 탓다 놀이기구 다 첨타보는 유형들이라 무서웠는데 뒤로가는 레이싱코스터는 진짜 재밌어서 5번이나 탔다 엄청 재밌엇당 팔아포,수학여행 첫쨧날 레이싱 코스터 로데오 바이킹 스카이 점핑 플래시 팡팡 피터팬 매직스윙 탔다 놀이 기구 다 첨 타보는 유형들이라 무서웠는데 뒤로 가는 레이싱 코스터는 진짜 재밌어서 5번이나 탔다 엄청 재밌어 당 팔아 포,"수학여행,레이싱코스터,로데오,바이킹,스카이점핑,플래쉬팡팡,피터팬,매직스윙,놀이기구,유형,레이싱코스터",,,
78,치석부자,proud,몇년만에 스케일링 받앗당 그동안 치석부자였는데 아주 속시원하당!! 그치만 치과가는건 늘 무섭고 큰 결심히 필요해🙈,몇년만에 스케일링 받앗당 그동안 치석부자였는데 아주 속시원하당 그치만 치과가는건 늘 무섭고 큰 결심히 필요해,몇 년 만에 스케일링 받앗당 그동안 치석 부자였는데 아주 속 시원하다 그렇지만 치과 가는 건 늘 무섭고 큰 결심이 필요해,"스케일링,치석,부자,치과,결심",,,
79,엽떡,annoyed,생각이 덜 났ㄷ다 아마도? 음 그리고 ㅇㅎ늘 서진이랑 엽떡 허니콤보도 묵었다 흐흐 행복한 인생이 되길,생각이 덜 났다 아마도 음 그리고 늘 서진이랑 엽떡 허니콤보도 묵었다 흐흐 행복한 인생이 되길,생각이 덜 났다 아마도 음 그리고 늘 서진이랑 엽떡 허니콤보도 묵었다 흐흐 행복한 인생이 되길,"생각,서진이,엽떡,허니콤보,인생",허니콤 보도,,
80,쌤들,surprised,수학 쌤한테 혼낫다 ㅎㅎ 사실 미소샘한테는 벼로 안 혼났는데 원장색기가 존나 머라했다~ 뭐 내가 못하는 거 맞으니까 앞으로 진짜 열심히 해야지!,수학 쌤한테 혼낫다 사실 미소샘한테는 벼로 안 혼났는데 원장색기가 존나 머라했다 뭐 내가 못하는 거 맞으니까 앞으로 진짜 열심히 해야지,수학 선생님한테 혼났다 사실 미소샘한테는 벼로 안 혼났는데 원장 색기가 존나 머라 했다 뭐 내가 못하는 거 맞으니까 앞으로 진짜 열심히 해야지,"수학,쌤,미소샘,원장",쌤->선생님,,
81,붙여쓰기,gloomy,너가나를너무보고싶어하고사랑하고아끼고그런눈빛으로나를한번만바라봤으면,너가나를너무보고싶어하고사랑하고아끼고그런눈빛으로나를한번만바라봤으면,네가 나를 너무 보고 싶어 하고 사랑하고 아끼고 그런 눈빛으로 나를 한 번만 바라봤으면,눈빛,,,
82,친구들,fun,"오늘 애들(아영,송현)이랑 놀았다 설빙도 먹고 잡기놀이(?)도 하고 등등 잼께 놈!",오늘 애들(아영송현)이랑 놀았다 설빙도 먹고 잡기놀이()도 하고 등등 잼께 놈,오늘 애들(아영 송현)이랑 놀았다 설빙도 먹고 잡기 놀이()도 하고 등등 잼께 놈,"오늘,아영,송현,설빙,잡기놀이",,,
83,핸드벨,sad,갑자기 우울해지고 이은이도 너무 보고싶고 학교가기가 너무 싫어서 울고싶고 피글이랑 쿼카랑 집에서 김계정만 보면서 놀고싶고 학교가서 핸드벨 못할거 같아서 걱정된다,갑자기 우울해지고 이은이도 너무 보고싶고 학교가기가 너무 싫어서 울고싶고 피글이랑 쿼카랑 집에서 김계정만 보면서 놀고싶고 학교가서 핸드벨 못할거 같아서 걱정된다,갑자기 우울해지고 이은이도 너무 보고 싶고 학교 가기가 너무 싫어서 울고 싶고 피글이랑 쿼카랑 집에서 김계정만 보면서 놀고 싶고 학교 가서 핸드벨 못할 거 같아서 걱정된다,"이은이,학교,피글,쿼카,김계정,학교,핸드벨",피글이랑->이 글이랑,,
84,한양여대,nervous,미ㄸㅣㄴ거아니뉴2일동안 공부안함..ㅋㅋㅋㅋㅋ 하지만 그 2일 동안 새로운 꿈을 탐색해봄 그 꿈은 바로바로 승무원!!!이틀동안 침대에서 뒹ㄱㄹ뒹궁 브이로그와 개설대학과 관련 과만 찾아봄 하하ㅜㅠㅠ 이래서 하나에 꽃히면 안돼 나 정말 하나에 빠지면 완전 세심하게 깊숙이 아이보려하는 듯 진짜루 찾아보다가 한양여대라는 대학교도 있다는 걸 앎 ㅋㅋㅋㅋㅋㅋㅋ 재밌당 ㅋㅋ승무원 학원까지 찾아봄!!!근데 마침 인스타 스토리에 혜진짱이 스ㅡㅇ무원학원 다니는 듯 사진올리긔 ㅋㅋㅋㅋㅋㅋㅋㅋㅋㅋㅋㅋㅋㅋ부럽,미거아니뉴2일동안 공부안함 하지만 그 2일 동안 새로운 꿈을 탐색해봄 그 꿈은 바로바로 승무원이틀동안 침대에서 뒹뒹궁 브이로그와 개설대학과 관련 과만 찾아봄 하하 이래서 하나에 꽃히면 안돼 나 정말 하나에 빠지면 완전 세심하게 깊숙이 아이보려하는 듯 진짜루 찾아보다가 한양여대라는 대학교도 있다는 걸 앎 재밌당 승무원 학원까지 찾아봄근데 마침 인스타 스토리에 혜진짱이 스무원학원 다니는 듯 사진올리긔 부럽,미거 아니 뉴 2일 동안 공부 안 함 하지만 그 2일 동안 새로운 꿈을 탐색해 봄 그 꿈은 바로바로 승무원 이틀 동안 침대에서 뒹뒹궁 브이로그와 개설 대학과 관련과 만 찾아봄 하하 이래서 하나에 꽂히면 안 돼 나 정말 하나에 빠지면 정말 세심하게 깊숙이 아이 보려 하는 듯 진짜로 찾아보다가 한양여대라는 대학교도 있다는 걸 앎 재밌다 승무원 학원까지 찾아봄 근데 마침 인스타 스토리에 혜진 짱이 스무원학원 다니는 듯 사진 올리기 부럽,"공부,꿈,탐색,꿈,승무원,침대,브이로그,개설대학,하나,하나,한양여대,대학교,승무원,학원,인스타,스토리,혜진짱,학원",,,
85,학웡,calm,학교 풀자습에다가 완전 머리가아플랑말랑 시험은5일전이고 수학학웡갔다가 영어자습하고 아빠가 델러와서 같이 걸어가고 롤캐이킄 먹고 아시안게임 좀 보다가 머리감고 씻고 침대로 누움 ㅋ,학교 풀자습에다가 완전 머리가아플랑말랑 시험은5일전이고 수학학웡갔다가 영어자습하고 아빠가 델러와서 같이 걸어가고 롤캐이킄 먹고 아시안게임 좀 보다가 머리감고 씻고 침대로 누움,학교 풀 자습에다가 완전 머리가 아플랑 말랑 시험은 5일 전이고 수학학웡갔다가 영어자습하고 아빠가 데리러 와서 같이 걸어가고 롤캐이킄 먹고 아시안게임 좀 보다가 머리 감고 씻고 침대로 누움,"학교,자습,머리,시험,수학학원,영어,자습,아빠,롤케이크,아시안게임,머리,침대",,,
86,갈비탕,surprised,9시에 선일가서 시험보고 68점 맞고 집와서 쉬다가 갈비탕배불리먹고 3시부터 한숨때렸는데 이게뭥밍5시가다 되어서 인남 ㅋ 머리아픈데 커피안마실라고 한다 잠이 앙올가바 ㅋㅋㅋㅋㅋㅋㅋㅋ일단 버티기 근데 5일 연휴가 끝나간다 안돼에에엑,9시에 선일가서 시험보고 68점 맞고 집와서 쉬다가 갈비탕배불리먹고 3시부터 한숨때렸는데 이게뭥밍5시가다 되어서 인남 머리아픈데 커피안마실라고 한다 잠이 앙올가바 일단 버티기 근데 5일 연휴가 끝나간다 안돼에에엑,9시에 선일 가서 시험 보고 68점 맞고 집 와서 쉬다가 갈비탕 배불리 먹고 3시부터 한숨 때렸는데 이게뭥밍5시가다 되어서 인남 머리 아픈데 커피 안 마시려고 한다 잠이 앙올가바 일단 버티기 근데 5일 연휴가 끝나간다 안돼에에엑,"선일,시험,집,갈비탕,한숨,머리,커피,잠,연휴",,,
87,링글,proud,아주아주 오랜만에 링글 수업 예약을 했다. 긴 연휴를 보내고 나니 중요한 것들을 꼭 해야겠다는 의욕이 생긴다.,아주아주 오랜만에 링글 수업 예약을 했다 긴 연휴를 보내고 나니 중요한 것들을 꼭 해야겠다는 의욕이 생긴다,아주아주 오랜만에 링글 수업 예약을 했다 긴 연휴를 보내고 나니 중요한 것들을 꼭 해야겠다는 의욕이 생긴다,"링글,수업,예약,연휴,의욕",,,